"","nuts3_id","nuts3","country_id","foreign","total","prop","catprop"
"1","UKD35","Greater Manchester South East","UK",4806,4806,1,">0.7"
"2","UKD72","Liverpool","UK",1666,1666,1,">0.7"
"3","UKH35","West Essex","UK",3496,3496,1,">0.7"
"4","UKI41","Hackney and Newham","UK",2963,2963,1,">0.7"
"5","UKI52","Barking & Dagenham and Havering","UK",4601,4601,1,">0.7"
"6","UKJ34","Isle of Wight","UK",1143,1143,1,">0.7"
"7","UKK42","Torbay","UK",4139,4139,1,">0.7"
"8","UKL11","Isle of Anglesey","UK",17,17,1,">0.7"
"9","UKM21","Angus and Dundee City","UK",1624,1624,1,">0.7"
"10","UKM37","South Ayrshire","UK",1648,1648,1,">0.7"
"11","UKE42","Leeds","UK",10445,10446,0.999904269576872,">0.7"
"12","UKD62","Cheshire East","UK",29243,29246,0.999897421869657,">0.7"
"13","UKH12","Cambridgeshire CC","UK",110030,110043,0.999881864362113,">0.7"
"14","UKJ35","South Hampshire","UK",21351,21354,0.999859511098623,">0.7"
"15","UKM27","Perth & Kinross and Stirling","UK",178858,178884,0.999854654412916,">0.7"
"16","UKD74","Wirral","UK",22800,22804,0.999824592176811,">0.7"
"17","UKH31","Southend-on-Sea","UK",11245,11247,0.99982217480217,">0.7"
"18","UKJ31","Portsmouth","UK",58263,58274,0.999811236572056,">0.7"
"19","UKJ46","West Kent","UK",26103,26108,0.999808487819825,">0.7"
"20","UKG38","Walsall","UK",26071,26076,0.999808252799509,">0.7"
"21","UKJ12","Milton Keynes","UK",85969,85986,0.999802293396599,">0.7"
"22","UKJ11","Berkshire","UK",159943,159978,0.999781219917739,">0.7"
"23","UKG22","Shropshire CC","UK",36068,36076,0.999778245925269,">0.7"
"24","UKE45","Wakefield","UK",44304,44314,0.999774337681094,">0.7"
"25","UKL15","Central Valleys","UK",70490,70506,0.99977306895867,">0.7"
"26","UKH24","Bedford","UK",4242,4243,0.999764317699741,">0.7"
"27","UKH32","Thurrock","UK",7885,7887,0.99974641815646,">0.7"
"28","UKF25","North Northamptonshire","UK",11634,11637,0.99974220159835,">0.7"
"29","UKJ32","Southampton","UK",106962,106995,0.999691574372634,">0.7"
"30","UKM28","West Lothian","UK",104917,104950,0.99968556455455,">0.7"
"31","UKG33","Coventry","UK",89525,89554,0.999676173035264,">0.7"
"32","UKI54","Enfield","UK",48793,48809,0.999672191604007,">0.7"
"33","UKM63","Lochaber, Skye & Lochalsh, Arran & Cumbrae and Argyll & Bute","UK",101837,101873,0.999646618829327,">0.7"
"34","UKI32","Westminster","UK",39362,39376,0.999644453474198,">0.7"
"35","UKD33","Manchester","UK",496853,497032,0.999639862222151,">0.7"
"36","UKE32","Sheffield","UK",132045,132093,0.999636619654334,">0.7"
"37","UKF21","Leicester","UK",111131,111175,0.999604227569148,">0.7"
"38","UKE44","Calderdale and Kirklees","UK",17586,17593,0.999602114477349,">0.7"
"39","UKC23","Sunderland","UK",31334,31347,0.999585287268319,">0.7"
"40","UKF14","Nottingham","UK",145701,145763,0.999574652003595,">0.7"
"41","UKI72","Brent","UK",9148,9152,0.999562937062937,">0.7"
"42","UKI75","Hounslow and Richmond upon Thames","UK",34707,34723,0.999539210321689,">0.7"
"43","UKL17","Bridgend and Neath Port Talbot","UK",17102,17110,0.999532437171245,">0.7"
"44","UKD45","Mid Lancashire","UK",21262,21272,0.999529898458067,">0.7"
"45","UKD42","Blackpool","UK",10445,10450,0.999521531100478,">0.7"
"46","UKE31","Barnsley, Doncaster and Rotherham","UK",214105,214214,0.999491163042565,">0.7"
"47","UKG31","Birmingham","UK",261516,261650,0.999487865469138,">0.7"
"48","UKI34","Wandsworth","UK",60277,60308,0.999485972010347,">0.7"
"49","UKK14","Swindon","UK",64100,64133,0.999485444311041,">0.7"
"50","UKM66","Shetland Islands","UK",3789,3791,0.999472434713796,">0.7"
"51","UKE22","North Yorkshire CC","UK",71360,71398,0.999467772206504,">0.7"
"52","UKJ13","Buckinghamshire CC","UK",57575,57607,0.999444511951672,">0.7"
"53","UKJ14","Oxfordshire","UK",217469,217590,0.999443908267843,">0.7"
"54","UKJ26","East Surrey","UK",16058,16067,0.999439845646356,">0.7"
"55","UKF30","Lincolnshire","UK",68104,68143,0.999427674155819,">0.7"
"56","UKI73","Ealing","UK",19143,19154,0.999425707424037,">0.7"
"57","UKG12","Worcestershire","UK",78031,78078,0.999398037859576,">0.7"
"58","UKK22","Dorset CC","UK",68964,69006,0.999391357273281,">0.7"
"59","UKC13","Darlington","UK",39272,39296,0.999389250814332,">0.7"
"60","UKF22","Leicestershire CC and Rutland","UK",25352,25368,0.999369284137496,">0.7"
"61","UKD34","Greater Manchester South West","UK",24176,24193,0.999297317405861,">0.7"
"62","UKE41","Bradford","UK",12329,12338,0.999270546279786,">0.7"
"63","UKH17","Breckland and South Norfolk","UK",58361,58405,0.999246639842479,">0.7"
"64","UKD61","Warrington","UK",60722,60768,0.999243022643497,">0.7"
"65","UKC22","Tyneside","UK",36632,36660,0.99923622476814,">0.7"
"66","UKF11","Derby","UK",3910,3913,0.99923332481472,">0.7"
"67","UKF15","North Nottinghamshire","UK",197885,198038,0.99922742100001,">0.7"
"68","UKM34","Glasgow City","UK",210247,210412,0.999215824192537,">0.7"
"69","UKJ41","Medway","UK",2490,2492,0.999197431781701,">0.7"
"70","UKL12","Gwynedd","UK",7315,7321,0.999180439830624,">0.7"
"71","UKI43","Haringey and Islington","UK",12004,12014,0.999167637755951,">0.7"
"72","UKD41","Blackburn with Darwen","UK",1171,1172,0.999146757679181,">0.7"
"73","UKE11","Kingston upon Hull, City of","UK",2270,2272,0.999119718309859,">0.7"
"74","UKG39","Wolverhampton","UK",41770,41807,0.999114980744851,">0.7"
"75","UKD47","Chorley and West Lancashire","UK",22408,22428,0.999108257535224,">0.7"
"76","UKK12","Bath and North East Somerset, North Somerset and South Gloucestershire","UK",35223,35256,0.999063989108237,">0.7"
"77","UKG32","Solihull","UK",28733,28760,0.999061196105702,">0.7"
"78","UKI62","Croydon","UK",41884,41924,0.999045892567503,">0.7"
"79","UKD36","Greater Manchester North West","UK",5209,5214,0.999041043344841,">0.7"
"80","UKG36","Dudley","UK",35123,35157,0.999032909520152,">0.7"
"81","UKL14","South West Wales","UK",34592,34626,0.999018078900248,">0.7"
"82","UKH25","Central Bedfordshire","UK",13127,13140,0.999010654490107,">0.7"
"83","UKG23","Stoke-on-Trent","UK",917,918,0.998910675381264,">0.7"
"84","UKK13","Gloucestershire","UK",187391,187598,0.998896576722566,">0.7"
"85","","","MT",2672,2675,0.998878504672897,">0.7"
"86","UKM25","Edinburgh, City of","UK",135970,136125,0.998861340679522,">0.7"
"87","UKD63","Cheshire West and Chester","UK",56066,56130,0.99885978977374,">0.7"
"88","UKD73","Sefton","UK",204769,205011,0.998819575534971,">0.7"
"89","UKH14","Suffolk","UK",105372,105498,0.998805664562361,">0.7"
"90","UKL18","Swansea","UK",36236,36280,0.998787210584344,">0.7"
"91","UKL13","Conwy and Denbighshire","UK",14536,14554,0.99876322660437,">0.7"
"92","UKK41","Plymouth","UK",69623,69712,0.998723318797338,">0.7"
"93","UKK11","Bristol, City of","UK",252854,253180,0.998712378544909,">0.7"
"94","UKL16","Gwent Valleys","UK",16977,16999,0.998705806223895,">0.7"
"95","UKE13","North and North East Lincolnshire","UK",28340,28377,0.998696127145223,">0.7"
"96","UKH15","Norwich and East Norfolk","UK",16034,16055,0.998691996262846,">0.7"
"97","UKL23","Flintshire and Wrexham","UK",46336,46397,0.998685259822833,">0.7"
"98","UKI45","Lambeth","UK",19638,19665,0.99862700228833,">0.7"
"99","UKH21","Luton","UK",77852,77963,0.998576247707246,">0.7"
"100","UKL22","Cardiff and Vale of Glamorgan","UK",166225,166472,0.998516266999856,">0.7"
"101","UKK21","Bournemouth and Poole","UK",2546,2550,0.99843137254902,">0.7"
"102","","","IE",254681,255093,0.998384902760954,">0.7"
"103","UKI31","Camden and City of London","UK",6756,6767,0.998374464312103,">0.7"
"104","UKJ45","Mid Kent","UK",255445,255867,0.99835070564004,">0.7"
"105","UKM23","East Lothian and Midlothian","UK",13705,13728,0.998324592074592,">0.7"
"106","UKD37","Greater Manchester North East","UK",2936,2941,0.99829989799388,">0.7"
"107","UKF24","West Northamptonshire","UK",77964,78101,0.998245861128539,">0.7"
"108","UKE12","East Riding of Yorkshire","UK",3824,3831,0.998172800835291,">0.7"
"109","UKG37","Sandwell","UK",21821,21861,0.998170257536252,">0.7"
"110","UKD12","East Cumbria","UK",11914,11936,0.998156836461126,">0.7"
"111","UKM24","Scottish Borders","UK",4290,4298,0.998138669148441,">0.7"
"112","IE021","Dublin","IE",313882,314475,0.998114317513316,">0.7"
"113","UKK23","Somerset","UK",86784,86950,0.998090856814261,">0.7"
"114","UKI61","Bromley","UK",29464,29525,0.997933954276037,">0.7"
"115","UKJ37","North Hampshire","UK",23275,23324,0.997899159663866,">0.7"
"116","UKD46","East Lancashire","UK",11615,11640,0.997852233676976,">0.7"
"117","UKL24","Powys","UK",21072,21118,0.997821763424567,">0.7"
"118","UKH11","Peterborough","UK",66759,66911,0.997728325686359,">0.7"
"119","UKC14","Durham CC","UK",56923,57063,0.997546571333438,">0.7"
"120","UKH16","North and West Norfolk","UK",10951,10979,0.997449676655433,">0.7"
"121","UKM33","East Ayrshire and North Ayrshire mainland","UK",4266,4277,0.997428103811082,">0.7"
"122","UKD11","West Cumbria","UK",13832,13868,0.997404095760023,">0.7"
"123","UKF12","East Derbyshire","UK",8329,8351,0.997365584959885,">0.7"
"124","UKI44","Lewisham and Southwark","UK",7922,7946,0.996979612383589,">0.7"
"125","UKH37","Essex Thames Gateway","UK",23618,23691,0.996918661094931,">0.7"
"126","UKM65","Orkney Islands","UK",611,613,0.99673735725938,">0.7"
"127","UKK15","Wiltshire CC","UK",47812,47976,0.996581624145406,">0.7"
"128","UKM35","Inverclyde, East Renfrewshire and Renfrewshire","UK",5311,5330,0.996435272045028,">0.7"
"129","UKH23","Hertfordshire","UK",98271,98624,0.996420749513303,">0.7"
"130","UKF13","South and West Derbyshire","UK",33004,33124,0.996377249124502,">0.7"
"131","UKN02","Outer Belfast","UK",25217,25311,0.99628619967603,">0.7"
"132","UKJ44","East Kent","UK",49125,49311,0.99622802214516,">0.7"
"133","UKM61","Caithness & Sutherland and Ross & Cromarty","UK",2216,2225,0.995955056179775,">0.7"
"134","UKL21","Monmouthshire and Newport","UK",29370,29493,0.995829518868884,">0.7"
"135","UKJ43","Kent Thames Gateway","UK",38553,38718,0.995738416240508,">0.7"
"136","UKM26","Falkirk","UK",46204,46405,0.995668570197177,">0.7"
"137","UKE21","York","UK",123441,124063,0.994986418190758,">0.7"
"138","UKJ22","East Sussex CC","UK",46252,46486,0.994966226390741,">0.7"
"139","UKJ27","West Sussex (South West)","UK",114631,115271,0.994447866332382,">0.7"
"140","UKD71","East Merseyside","UK",31257,31432,0.994432425553576,">0.7"
"141","UKI51","Bexley and Greenwich","UK",15263,15349,0.994397029122418,">0.7"
"142","","","UK",7697275,7741333,0.994308732100789,">0.7"
"143","UKM62","Inverness & Nairn and Moray, Badenoch & Strathspey","UK",47986,48281,0.993889935999669,">0.7"
"144","UKI42","Tower Hamlets","UK",7769,7819,0.993605320373449,">0.7"
"145","UKM36","North Lanarkshire","UK",11853,11933,0.993295902120171,">0.7"
"146","UKC21","Northumberland","UK",5627,5668,0.992766407904023,">0.7"
"147","UKM38","South Lanarkshire","UK",199225,200685,0.992724917158731,">0.7"
"148","UKK43","Devon CC","UK",36659,36933,0.992581160479788,">0.7"
"149","MT001","Malta","MT",14042,14151,0.992297364143877,">0.7"
"150","UKH34","Essex Haven Gateway","UK",40560,40875,0.992293577981651,">0.7"
"151","UKD44","Lancaster and Wyre","UK",40748,41069,0.992183885655847,">0.7"
"152","UKG11","Herefordshire, County of","UK",4539,4579,0.991264468224503,">0.7"
"153","UKM31","East Dunbartonshire, West Dunbartonshire and Helensburgh & Lomond","UK",14832,14977,0.990318488348802,">0.7"
"154","UKM50","Aberdeen City and Aberdeenshire","UK",50185,50708,0.989686045594384,">0.7"
"155","UKJ21","Brighton and Hove","UK",1509,1525,0.989508196721312,">0.7"
"156","UKI63","Merton, Kingston upon Thames and Sutton","UK",43533,44080,0.987590744101633,">0.7"
"157","UKI53","Redbridge and Waltham Forest","UK",112103,113537,0.987369756114747,">0.7"
"158","UKI71","Barnet","UK",21817,22103,0.987060580011763,">0.7"
"159","IE025","South-West (IE)","IE",15302,15507,0.986780163796995,">0.7"
"160","UKF16","South Nottinghamshire","UK",16479,16706,0.986412067520651,">0.7"
"161","IE024","South-East (IE)","IE",9002,9141,0.98479378623783,">0.7"
"162","IE022","Mid-East","IE",9739,9897,0.984035566333232,">0.7"
"163","UKM22","Clackmannanshire and Fife","UK",4042,4109,0.983694329520565,">0.7"
"164","IE012","Midland","IE",15662,15936,0.982806224899598,">0.7"
"165","IE023","Mid-West","IE",8223,8390,0.980095351609058,">0.7"
"166","UKI33","Kensington & Chelsea and Hammersmith & Fulham","UK",36215,37000,0.978783783783784,">0.7"
"167","UKN05","West and South of Northern Ireland","UK",46580,47699,0.976540388687394,">0.7"
"168","IE011","Border","IE",22372,22963,0.974262944737186,">0.7"
"169","UKG24","Staffordshire CC","UK",146663,151970,0.965078633940909,">0.7"
"170","UKI74","Harrow and Hillingdon","UK",20609,21415,0.962362829792202,">0.7"
"171","UKM64","Eilean Siar (Western Isles)","UK",30552,31866,0.958764827716061,">0.7"
"172","EL623","Ιθάκη, Κεφαλληνία (Ithaki, Kefallinia)","EL",5382,5617,0.958162720313334,">0.7"
"173","IE013","West","IE",12284,12827,0.957667420285336,">0.7"
"174","UKJ25","West Surrey","UK",447946,471406,0.950233980899692,">0.7"
"175","UKH36","Heart of Essex","UK",1013,1069,0.947614593077643,">0.7"
"176","UKN04","North of Northern Ireland","UK",248530,263114,0.944571554535297,">0.7"
"177","UKN03","East of Northern Ireland","UK",78926,83944,0.940222052797103,">0.7"
"178","UKJ28","West Sussex (North East)","UK",7995,8527,0.937609944880966,">0.7"
"179","UKC12","South Teesside","UK",5364,5845,0.91770744225834,">0.7"
"180","EL532","Καστοριά (Kastoria)","EL",347,386,0.898963730569948,">0.7"
"181","MT002","Gozo and Comino / Għawdex u Kemmuna","MT",567,631,0.898573692551506,">0.7"
"182","UKG13","Warwickshire","UK",109249,123268,0.886272187429016,">0.7"
"183","BE322","Arr. Charleroi","BE",153795,173707,0.885370192335369,">0.7"
"184","UKM32","Dumfries & Galloway","UK",1740,1972,0.882352941176471,">0.7"
"185","UKG21","Telford and Wrekin","UK",1767,2090,0.845454545454545,">0.7"
"186","UKC11","Hartlepool and Stockton-on-Tees","UK",4418,5746,0.768882701009398,">0.7"
"187","BE253","Arr. Ieper","BE",73972,96921,0.763219529307374,">0.7"
"188","UKN01","Belfast","UK",95191,126639,0.75167207574286,">0.7"
"189","RO121","Alba","RO",12028,16256,0.739911417322835,">0.7"
"190","RO125","Mureş","RO",8176,11343,0.720796967292603,">0.7"
"191","EL422","Άνδρος, Θήρα, Κέα, Μήλος, Μύκονος, Νάξος, Πάρος, Σύρος, Τήνος (Andros, Thira, Kea, Milos, Mykonos, Naxos, Paros,  Syros, Tinos)","EL",4091,5727,0.714335603282696,">0.7"
"192","HR048","Virovitičko-podravska županija","HR",2571,3665,0.70150068212824,">0.7"
"193","EL645","Φωκίδα (Fokida)","EL",12,18,0.666666666666667,">0.6"
"194","EL301","Βόρειος Τομέας Αθηνών (Voreios Tomeas Athinon)","EL",1259,1918,0.656412930135558,">0.6"
"195","UKJ36","Central Hampshire","UK",16368,25238,0.648545843569221,">0.6"
"196","HR032","Ličko-senjska županija","HR",2592,4034,0.642538423401091,">0.6"
"197","","","LU",7296,11521,0.633278361253363,">0.6"
"198","","","CY",2133,3488,0.611525229357798,">0.6"
"199","EL303","Κεντρικός Τομέας Αθηνών (Kentrikos Tomeas Athinon)","EL",25594,42636,0.600290834036964,">0.6"
"200","EL307","Πειραιάς, Νήσοι (Peiraias, Nisoi)","EL",364,631,0.576862123613312,">0.5"
"201","BE321","Arr. Ath","BE",6060,10531,0.575443927452284,">0.5"
"202","LU000","Luxembourg","LU",26680,47217,0.565050723256454,">0.5"
"203","UKK30","Cornwall and Isles of Scilly","UK",7838,13892,0.564209617045782,">0.5"
"204","CY000","Κύπρος (Kypros)","CY",10828,19815,0.546454706030785,">0.5"
"205","EL421","Κάλυμνος, Κάρπαθος, Κως, Ρόδος (Kalymnos, Karpathos, Kos, Rodos)","EL",451,847,0.532467532467532,">0.5"
"206","RO226","Vrancea","RO",47840,90933,0.526101635269924,">0.5"
"207","HR045","Koprivničko-križevačka županija","HR",2597,5041,0.515175560404682,">0.5"
"208","HR04E","Sisačko-moslavačka županija","HR",2611,5129,0.509066094755313,">0.5"
"209","EL651","Αργολίδα, Αρκαδία (Argolida, Arkadia)","EL",880,1791,0.491345616973758,">0.4"
"210","PT119","Ave","PT",9058,18485,0.490018934271031,">0.4"
"211","EL541","Άρτα, Πρέβεζα (Arta, Preveza)","EL",60,123,0.48780487804878,">0.4"
"212","DE914","Gifhorn","DE",8060,16639,0.484404110823968,">0.4"
"213","EL522","Θεσσαλονίκη (Thessaloniki)","EL",2979,6211,0.479632909354371,">0.4"
"214","EL624","Λευκάδα (Lefkada)","EL",26,55,0.472727272727273,">0.4"
"215","HR04D","Karlovačka županija","HR",2629,5718,0.459776145505421,">0.4"
"216","ES612","Cádiz","ES",10094,22199,0.45470516689941,">0.4"
"217","EL305","Ανατολική Αττική (Anatoliki Attiki)","EL",673,1499,0.448965977318212,">0.4"
"218","HR04C","Vukovarsko-srijemska županija","HR",2605,5827,0.447056804530633,">0.4"
"219","EL433","Ρεθύμνη (Rethymni)","EL",502,1125,0.446222222222222,">0.4"
"220","HR049","Požeško-slavonska županija","HR",2602,5861,0.443951544105102,">0.4"
"221","HR037","Dubrovačko-neretvanska županija","HR",2676,6074,0.440566348370102,">0.4"
"222","RO113","Cluj","RO",11721,26693,0.439103884913648,">0.4"
"223","PT11A","Área Metropolitana do Porto","PT",80737,184243,0.438209321385344,">0.4"
"224","HR035","Splitsko-dalmatinska županija","HR",11812,27904,0.423308486238532,">0.4"
"225","HU232","Somogy","HU",6408,15138,0.423305588585018,">0.4"
"226","HR043","Krapinsko-zagorska županija","HR",2634,6235,0.422453889334403,">0.4"
"227","EL632","Αχαΐα (Achaia)","EL",871,2102,0.414367269267364,">0.4"
"228","EL304","Νότιος Τομέας Αθηνών (Notios Tomeas Athinon)","EL",339,822,0.412408759124088,">0.4"
"229","BG424","Смолян (Smolyan)","BG",5446,13467,0.404395930793792,">0.4"
"230","EL622","Κέρκυρα (Kerkyra)","EL",226,563,0.401420959147425,">0.4"
"231","","","EL",4593,11525,0.398524945770065,">0.3"
"232","HR046","Međimurska županija","HR",2641,6709,0.393650320465047,">0.3"
"233","PT187","Alentejo Central","PT",2168,5603,0.386935570230234,">0.3"
"234","PT170","Área Metropolitana de Lisboa","PT",133242,355144,0.375177392832203,">0.3"
"235","DEC02","Merzig-Wadern","DE",1773,4753,0.37302756154008,">0.3"
"236","EL413","Χίος (Chios)","EL",47,126,0.373015873015873,">0.3"
"237","HR047","Bjelovarsko-bilogorska županija","HR",2631,7396,0.355732828555976,">0.3"
"238","NL326","Groot-Amsterdam","NL",137845,407039,0.338653052901565,">0.3"
"239","RO312","Călăraşi","RO",943,2860,0.32972027972028,">0.3"
"240","HU101","Budapest","HU",60459,183726,0.329071552202737,">0.3"
"241","HR034","Šibensko-kninska županija","HR",2693,8193,0.328695227633346,">0.3"
"242","EL527","Χαλκιδική (Chalkidiki)","EL",139,423,0.328605200945626,">0.3"
"243","EL512","Ξάνθη (Xanthi)","EL",97,297,0.326599326599327,">0.3"
"244","HR044","Varaždinska županija","HR",2679,8301,0.322732200939646,">0.3"
"245","FI1B1","Helsinki-Uusimaa","FI",15617,48600,0.321337448559671,">0.3"
"246","EL652","Κορινθία (Korinthia)","EL",133,416,0.319711538461538,">0.3"
"247","EL631","Αιτωλοακαρνανία (Aitoloakarnania)","EL",564,1778,0.317210348706412,">0.3"
"248","EL412","Ικαρία, Σάμος (Ikaria, Samos)","EL",105,335,0.313432835820896,">0.3"
"249","RO317","Teleorman","RO",2273,7327,0.310222464856012,">0.3"
"250","EL306","Δυτική Αττική (Dytiki Attiki)","EL",151,493,0.306288032454361,">0.3"
"251","PT16J","Beiras e Serra da Estrela","PT",3729,12179,0.306182773626735,">0.3"
"252","BE100","Arr. de Bruxelles-Capitale / Arr. van Brussel-Hoofdstad","BE",49427,164498,0.300471738258216,">0.3"
"253","","","PT",22347,74853,0.298545148491042,">0.2"
"254","FR815","Pyrénées-Orientales","FR",30807,103328,0.298147646330133,">0.2"
"255","","","SE",20098,67452,0.297960030836743,">0.2"
"256","BG411","София (столица) (Sofia (stolitsa))","BG",31291,107057,0.292283549884641,">0.2"
"257","RO115","Satu Mare","RO",383,1312,0.291920731707317,">0.2"
"258","RO424","Timiş","RO",6165,21207,0.290705898995615,">0.2"
"259","DE938","Heidekreis","DE",4566,15760,0.289720812182741,">0.2"
"260","HR04B","Osječko-baranjska županija","HR",2723,9413,0.289280781897376,">0.2"
"261","EL641","Βοιωτία (Voiotia)","EL",120,419,0.286396181384248,">0.2"
"262","","","RO",14504,52354,0.277037093631814,">0.2"
"263","RO126","Sibiu","RO",2703,9988,0.27062474969964,">0.2"
"264","PL218","Nowosądecki","PL",16670,62657,0.266051678184401,">0.2"
"265","PT16I","Médio Tejo","PT",2354,8855,0.26583850931677,">0.2"
"266","EL432","Λασίθι (Lasithi)","EL",158,606,0.260726072607261,">0.2"
"267","RO213","Iaşi","RO",2474,9503,0.2603388403662,">0.2"
"268","EL431","Ηράκλειο (Irakleio)","EL",652,2565,0.254191033138402,">0.2"
"269","DEA28","Münster, Kreisfreie Stadt","DE",1,4,0.25,">0.2"
"270","FI1D6","Pohjois-Pohjanmaa","FI",2501,10192,0.245388540031397,">0.2"
"271","EL302","Δυτικός Τομέας Αθηνών (Dytikos Tomeas Athinon)","EL",56,231,0.242424242424242,">0.2"
"272","EL613","Μαγνησία, Σποράδες (Magnisia, Sporades)","EL",1502,6350,0.236535433070866,">0.2"
"273","ES511","Barcelona","ES",48613,209049,0.232543566340906,">0.2"
"274","BG325","Силистра (Silistra)","BG",522,2253,0.231691078561917,">0.2"
"275","HR033","Zadarska županija","HR",2982,12897,0.231216561991161,">0.2"
"276","HR031","Primorsko-goranska županija","HR",3108,13482,0.230529595015576,">0.2"
"277","BE241","Arr. Halle-Vilvoorde","BE",21816,95826,0.22766263853234,">0.2"
"278","EL524","Πέλλα (Pella)","EL",112,494,0.226720647773279,">0.2"
"279","PL633","Trójmiejski","PL",25992,114896,0.22622197465534,">0.2"
"280","PL524","Opolski","PL",13947,61682,0.226111345287118,">0.2"
"281","PL514","Miasto Wrocław","PL",78201,347500,0.225038848920863,">0.2"
"282","PL217","Tarnowski","PL",16967,75961,0.223364621318835,">0.2"
"283","PL613","Bydgosko-toruński","PL",16405,73578,0.222960667590856,">0.2"
"284","","","BG",10136,45854,0.221049417717102,">0.2"
"285","EL653","Λακωνία, Μεσσηνία (Lakonia, Messinia)","EL",537,2431,0.220896750308515,">0.2"
"286","HU321","Hajdú-Bihar","HU",3631,16724,0.217113130829945,">0.2"
"287","NL333","Delft en Westland","NL",5683,26392,0.21533040315247,">0.2"
"288","BE310","Arr. Nivelles","BE",6171,28730,0.214792899408284,">0.2"
"289","LT00A","Vilniaus apskritis","LT",12420,57955,0.214304201535674,">0.2"
"290","FI197","Pirkanmaa","FI",3324,15513,0.21427190098627,">0.2"
"291","","","FI",2302,10766,0.213821289243916,">0.2"
"292","HR036","Istarska županija","HR",2144,10174,0.210733241596226,">0.2"
"293","PL213","Miasto Kraków","PL",145736,693611,0.210112008027554,">0.2"
"294","EL611","Καρδίτσα, Τρίκαλα (Karditsa, Trikala)","EL",70,339,0.206489675516224,">0.2"
"295","EL543","Ιωάννινα (Ioannina)","EL",232,1139,0.203687445127305,">0.2"
"296","SE110","Stockholms län","SE",97385,479327,0.203170278327739,">0.2"
"297","EL434","Χανιά (Chania)","EL",206,1026,0.200779727095517,">0.2"
"298","EL542","Θεσπρωτία (Thesprotia)","EL",55,277,0.1985559566787,">0.1"
"299","EL633","Ηλεία (Ileia)","EL",142,718,0.197771587743733,">0.1"
"300","","","HR",3385,17268,0.196027333796618,">0.1"
"301","ES614","Granada","ES",2895,14800,0.195608108108108,">0.1"
"302","RO224","Galaţi","RO",918,4834,0.189904840711626,">0.1"
"303","PL22A","Katowicki","PL",22317,121316,0.183957598338224,">0.1"
"304","ES424","Guadalajara","ES",1809,9860,0.183468559837728,">0.1"
"305","PL113","Miasto Łódź","PL",119681,655968,0.182449448753598,">0.1"
"306","RO116","Sălaj","RO",268,1482,0.180836707152497,">0.1"
"307","PL127","Miasto Warszawa","PL",129553,718961,0.180194753261999,">0.1"
"308","ES300","Madrid","ES",43284,240665,0.179851661022583,">0.1"
"309","BE323","Arr. Mons","BE",673,3750,0.179466666666667,">0.1"
"310","HR042","Zagrebačka županija","HR",2853,15945,0.17892756349953,">0.1"
"311","PL12D","Ostrołęcki","PL",15761,89437,0.176224605029238,">0.1"
"312","NL411","West-Noord-Brabant","NL",19100,110252,0.173239487719044,">0.1"
"313","PT11D","Douro","PT",5271,31106,0.16945283868064,">0.1"
"314","DK012","Københavns omegn","DK",4153,24585,0.168924140736221,">0.1"
"315","PL415","Miasto Poznań","PL",20436,121512,0.168180920402923,">0.1"
"316","NL414","Zuidoost-Noord-Brabant","NL",30655,182572,0.167906360230484,">0.1"
"317","AT211","Klagenfurt-Villach","AT",2291,13645,0.167900329791132,">0.1"
"318","BE335","Arr. Verviers - communes francophones","BE",7800,46457,0.167897195255828,">0.1"
"319","RO122","Braşov","RO",1565,9328,0.167774442538593,">0.1"
"320","EL533","Φλώρινα (Florina)","EL",50,301,0.166112956810631,">0.1"
"321","ES617","Málaga","ES",4989,30060,0.165968063872255,">0.1"
"322","PL12E","Siedlecki","PL",20049,124157,0.161481028053191,">0.1"
"323","PT200","Região Autónoma dos Açores","PT",3857,23973,0.160889333833896,">0.1"
"324","ITG16","Enna","IT",742,4614,0.160814911140009,">0.1"
"325","FI195","Pohjanmaa","FI",767,4778,0.160527417329427,">0.1"
"326","","","BE",33056,208867,0.158263392493788,">0.1"
"327","PL431","Gorzowski","PL",4704,29867,0.157498242207118,">0.1"
"328","NL337","Agglomeratie Leiden en Bollenstreek","NL",9165,58234,0.157382285262905,">0.1"
"329","ITG19","Siracusa","IT",710,4540,0.156387665198238,">0.1"
"330","PT16H","Beira Baixa","PT",1038,6663,0.155785682125169,">0.1"
"331","PT16F","Região de Leiria","PT",3219,21355,0.150737532193866,">0.1"
"332","BE222","Arr. Maaseik","BE",5258,34933,0.150516703403658,">0.1"
"333","","","PL",155301,1035729,0.149943662869341,">0.1"
"334","DE21N","Weilheim-Schongau","DE",684,4563,0.149901380670611,">0.1"
"335","DK011","Byen København","DK",4946,32996,0.149896957206934,">0.1"
"336","PL638","Starogardzki","PL",8488,56973,0.148982851526162,">0.1"
"337","NL341","Zeeuwsch-Vlaanderen","NL",2600,17484,0.148707389613361,">0.1"
"338","PL128","Radomski","PL",20147,136944,0.147118530202126,">0.1"
"339","PL12C","Płocki","PL",20072,137413,0.146070604673502,">0.1"
"340","PL515","Jeleniogórski","PL",11573,79231,0.146066564854665,">0.1"
"341","RO316","Prahova","RO",1534,10569,0.145141451414514,">0.1"
"342","HR041","Grad Zagreb","HR",4433,31074,0.142659458067838,">0.1"
"343","BE242","Arr. Leuven","BE",11305,79260,0.1426318445622,">0.1"
"344","RO311","Argeş","RO",439,3084,0.142347600518807,">0.1"
"345","HU333","Csongrád","HU",1543,11062,0.139486530464654,">0.1"
"346","","","NL",15497,111584,0.138881918554632,">0.1"
"347","","","EE",3333,24001,0.138869213782759,">0.1"
"348","PL229","Gliwicki","PL",11272,81185,0.138843382398226,">0.1"
"349","EL644","Φθιώτιδα (Fthiotida)","EL",21,152,0.138157894736842,">0.1"
"350","EL513","Ροδόπη (Rodopi)","EL",267,1933,0.138127263321262,">0.1"
"351","NL421","Noord-Limburg","NL",8030,58158,0.138072148285704,">0.1"
"352","RO112","Bistriţa-Năsăud","RO",1298,9409,0.137953023700712,">0.1"
"353","PL12A","Warszawski zachodni","PL",21395,155599,0.137500883681772,">0.1"
"354","PL314","Lubelski","PL",7745,56348,0.137449421452403,">0.1"
"355","DK042","Østjylland","DK",5004,36579,0.136799803165751,">0.1"
"356","PT16B","Oeste","PT",1572,11556,0.136033229491173,">0.1"
"357","PL617","Inowrocławski","PL",4590,33837,0.135650323610249,">0.1"
"358","SE232","Västra Götalands län","SE",33520,249937,0.134113796676763,">0.1"
"359","HU231","Baranya","HU",1849,13796,0.134024354885474,">0.1"
"360","DE300","Berlin","DE",103327,777747,0.13285425723275,">0.1"
"361","PL326","Tarnobrzeski","PL",4826,36684,0.131555991713008,">0.1"
"362","SK042","Košický kraj","SK",2907,22135,0.131330472103004,">0.1"
"363","PL516","Legnicko-głogowski","PL",16625,126602,0.131317040805043,">0.1"
"364","CZ010","Hlavní město Praha","CZ",13943,106362,0.131090050958049,">0.1"
"365","HU312","Heves","HU",1626,12443,0.13067588202202,">0.1"
"366","PL115","Piotrkowski","PL",6760,51780,0.130552336809579,">0.1"
"367","HU102","Pest","HU",7478,57736,0.129520576416794,">0.1"
"368","","","DK",17052,132876,0.128330172491646,">0.1"
"369","PL616","Grudziądzki","PL",4547,35446,0.128279636630367,">0.1"
"370","HU222","Vas","HU",1487,11639,0.127760116848527,">0.1"
"371","EL515","Θάσος, Καβάλα (Thasos, Kavala)","EL",106,831,0.127557160048135,">0.1"
"372","PL636","Słupski","PL",8085,63500,0.127322834645669,">0.1"
"373","PL424","Miasto Szczecin","PL",7272,57876,0.125647936968692,">0.1"
"374","EE001","Põhja-Eesti","EE",4808,38311,0.125499203884002,">0.1"
"375","PL517","Wałbrzyski","PL",11626,93047,0.124947607123282,">0.1"
"376","RO322","Ilfov","RO",1104,8923,0.123725204527625,">0.1"
"377","SI031","Pomurska","SI",497,4045,0.122867737948084,">0.1"
"378","NL327","Het Gooi en Vechtstreek","NL",4122,33583,0.122740672363994,">0.1"
"379","","","ES",15611,127260,0.122670124155273,">0.1"
"380","PL414","Koniński","PL",13430,110173,0.121899194902562,">0.1"
"381","","","SK",12973,106489,0.121824789414869,">0.1"
"382","EL526","Σέρρες (Serres)","EL",31,255,0.12156862745098,">0.1"
"383","PL324","Przemyski","PL",4901,40431,0.121218866711187,">0.1"
"384","ITF64","Vibo Valentia","IT",281,2330,0.120600858369099,">0.1"
"385","HU212","Komárom-Esztergom","HU",1779,14758,0.120544789266838,">0.1"
"386","DE132","Breisgau-Hochschwarzwald","DE",6424,53659,0.119718966063475,">0.1"
"387","","","LT",6486,54334,0.119372768432289,">0.1"
"388","RO223","Constanţa","RO",1131,9483,0.119266055045872,">0.1"
"389","HU233","Tolna","HU",775,6506,0.119120811558561,">0.1"
"390","PL311","Bialski","PL",3258,27651,0.117825756753824,">0.1"
"391","NL423","Zuid-Limburg","NL",8425,73452,0.114700756956924,">0.1"
"392","","","AT",20549,179469,0.114498882815417,">0.1"
"393","PL623","Ełcki","PL",3715,32733,0.113494027434088,">0.1"
"394","PL428","Szczeciński","PL",4363,38617,0.112981329466297,">0.1"
"395","PL416","Kaliski","PL",10104,89810,0.112504175481572,">0.1"
"396","PL621","Elbląski","PL",5235,46849,0.111741979551324,">0.1"
"397","PT181","Alentejo Litoral","PT",1005,9008,0.111567495559503,">0.1"
"398","DE212","München, Kreisfreie Stadt","DE",80200,723231,0.110891264340162,">0.1"
"399","PL114","Łódzki","PL",6662,60701,0.109751074941105,">0.1"
"400","PL22B","Sosnowiecki","PL",9066,82705,0.10961852366846,">0.1"
"401","SE224","Skåne län","SE",21387,197045,0.108538658682027,">0.1"
"402","PL224","Częstochowski","PL",8918,82630,0.107926903061842,">0.1"
"403","HU211","Fejér","HU",2119,19661,0.10777681704898,">0.1"
"404","PL325","Rzeszowski","PL",5937,55114,0.107722175853685,">0.1"
"405","CZ064","Jihomoravský kraj","CZ",6753,63132,0.106966356206044,">0.1"
"406","PL618","Świecki","PL",8951,83868,0.106727238040731,">0.1"
"407","ES513","Lleida","ES",1787,16758,0.106635636710825,">0.1"
"408","BE325","Arr. Soignies","BE",789,7408,0.106506479481641,">0.1"
"409","DE717","Groß-Gerau","DE",2375,22323,0.106392509967298,">0.1"
"410","PL432","Zielonogórski","PL",5369,51579,0.104092750925764,">0.1"
"411","ITF61","Cosenza","IT",919,8887,0.103409474513334,">0.1"
"412","FR262","Nièvre","FR",7591,73457,0.103339368610207,">0.1"
"413","DK050","Nordjylland","DK",1741,17103,0.101795006723967,">0.1"
"414","NL413","Noordoost-Noord-Brabant","NL",14120,139645,0.101113537899674,">0.1"
"415","AT341","Bludenz-Bregenzer Wald","AT",530,5270,0.100569259962049,">0.1"
"416","AT112","Nordburgenland","AT",665,6650,0.1,">0.1"
"417","DK032","Sydjylland","DK",3068,30686,0.099980447109431,">0.09"
"418","SE125","Västmanlands län","SE",3839,38519,0.0996651003400919,">0.09"
"419","NL339","Groot-Rijnmond","NL",20651,207344,0.099597769889652,">0.09"
"420","PL228","Bytomski","PL",4266,43268,0.0985948044744384,">0.09"
"421","FI1C1","Varsinais-Suomi","FI",1065,10858,0.0980843617609136,">0.09"
"422","ES431","Badajoz","ES",979,10018,0.0977240966260731,">0.09"
"423","SE212","Kronobergs län","SE",3365,34434,0.0977231805773364,">0.09"
"424","PT16E","Região de Coimbra","PT",1113,11468,0.0970526682943844,">0.09"
"425","BG312","Монтана (Montana)","BG",161,1665,0.0966966966966967,">0.09"
"426","DE234","Amberg-Sulzbach","DE",219,2278,0.0961369622475856,">0.09"
"427","BE212","Arr. Mechelen","BE",6189,64477,0.0959877165500876,">0.09"
"428","","","CZ",15042,157343,0.0956000584709838,">0.09"
"429","EL521","Ημαθία (Imathia)","EL",13,136,0.0955882352941176,">0.09"
"430","","","HU",2812,29610,0.094967916244512,">0.09"
"431","DEB3F","Kaiserslautern, Landkreis","DE",538,5695,0.094468832309043,">0.09"
"432","HU332","Békés","HU",598,6340,0.0943217665615142,">0.09"
"433","PT112","Cávado","PT",1050,11204,0.0937165298107819,">0.09"
"434","PL344","Łomżyński","PL",2990,31944,0.0936013022789882,">0.09"
"435","NL310","Utrecht","NL",29796,319398,0.0932879980463246,">0.09"
"436","NL332","Agglomeratie 's-Gravenhage","NL",8788,94627,0.0928698997114988,">0.09"
"437","SK032","Banskobystrický kraj","SK",1894,20421,0.0927476617207776,">0.09"
"438","PL219","Nowotarski","PL",1004,10838,0.0926370178999815,">0.09"
"439","RO411","Dolj","RO",712,7692,0.0925637025481019,">0.09"
"440","EL621","Ζάκυνθος (Zakynthos)","EL",58,627,0.0925039872408294,">0.09"
"441","PL426","Koszaliński","PL",4346,47016,0.0924366173217628,">0.09"
"442","DK013","Nordsjælland","DK",1327,14371,0.0923387377357178,">0.09"
"443","DE21L","Starnberg","DE",1982,21493,0.0922160703484856,">0.09"
"444","ES611","Almería","ES",1178,12868,0.0915449176251166,">0.09"
"445","BG343","Ямбол (Yambol)","BG",486,5314,0.0914565299209635,">0.09"
"446","PL345","Suwalski","PL",2953,32363,0.0912461761888577,">0.09"
"447","BG323","Русе (Ruse)","BG",615,6747,0.0911516229435305,">0.09"
"448","BG331","Варна (Varna)","BG",1790,19697,0.0908767832664873,">0.09"
"449","PL343","Białostocki","PL",3881,42707,0.0908750321961271,">0.09"
"450","EL531","Γρεβενά, Κοζάνη (Grevena, Kozani)","EL",50,551,0.0907441016333938,">0.09"
"451","DEB23","Eifelkreis Bitburg-Prüm","DE",858,9495,0.0903633491311216,">0.09"
"452","DE211","Ingolstadt, Kreisfreie Stadt","DE",3101,34328,0.0903344208809135,">0.09"
"453","FR432","Jura","FR",4827,53492,0.0902377925671128,">0.09"
"454","NL113","Overig Groningen","NL",5815,65196,0.0891925885023621,">0.08"
"455","PT16G","Viseu Dão Lafões","PT",2357,26458,0.0890845868924333,">0.08"
"456","LT002","Kauno apskritis","LT",2447,27585,0.0887076309588544,">0.08"
"457","EL523","Κιλκίς (Kilkis)","EL",32,363,0.0881542699724518,">0.08"
"458","FI196","Satakunta","FI",392,4452,0.0880503144654088,">0.08"
"459","ES616","Jaén","ES",702,8012,0.0876185721417873,">0.08"
"460","EL612","Λάρισα (Larisa)","EL",96,1098,0.087431693989071,">0.08"
"461","RO421","Arad","RO",440,5062,0.0869221651521138,">0.08"
"462","RO111","Bihor","RO",656,7547,0.0869219557440042,">0.08"
"463","EL511","Έβρος (Evros)","EL",67,771,0.0869001297016861,">0.08"
"464","DE71A","Main-Taunus-Kreis","DE",1532,17633,0.0868825497646458,">0.08"
"465","RO123","Covasna","RO",97,1126,0.086145648312611,">0.08"
"466","AT221","Graz","AT",3870,45131,0.0857503711417872,">0.08"
"467","PL225","Bielski","PL",3003,35200,0.0853125,">0.08"
"468","FI193","Keski-Suomi","FI",577,6773,0.0851912003543481,">0.08"
"469","ES630","Ceuta","ES",103,1213,0.0849134377576257,">0.08"
"470","BG344","Стара Загора (Stara Zagora)","BG",1397,16513,0.0846000121116696,">0.08"
"471","PL312","Chełmsko-zamojski","PL",3394,40361,0.0840910780208617,">0.08"
"472","HU223","Zala","HU",1970,23465,0.0839548263370978,">0.08"
"473","PL214","Krakowski","PL",3120,37207,0.0838551885397909,">0.08"
"474","NL213","Twente","NL",7568,90420,0.083698296836983,">0.08"
"475","AT130","Wien","AT",13748,164275,0.0836889362349718,">0.08"
"476","BE234","Arr. Gent","BE",11683,141068,0.0828182153287776,">0.08"
"477","DE21H","München, Landkreis","DE",5301,64842,0.0817525677801425,">0.08"
"478","NL325","Zaanstreek","NL",1635,20238,0.0807886154758375,">0.08"
"479","FI1C5","Etelä-Karjala","FI",220,2726,0.0807043286867205,">0.08"
"480","PL331","Kielecki","PL",3378,41939,0.0805455542573738,">0.08"
"481","","","IT",80114,1007715,0.0795006524662231,">0.07"
"482","DE125","Heidelberg, Stadtkreis","DE",3268,41172,0.0793743320703391,">0.07"
"483","BG412","София (Sofia)","BG",496,6307,0.0786427778658633,">0.07"
"484","","","LV",3921,49923,0.0785409530677243,">0.07"
"485","DEA11","Düsseldorf, Kreisfreie Stadt","DE",17250,226105,0.0762919882355543,">0.07"
"486","ES709","Tenerife","ES",805,10609,0.0758789706852672,">0.07"
"487","ES130","Cantabria","ES",1104,14592,0.0756578947368421,">0.07"
"488","BE326","Arr. Thuin","BE",271,3611,0.0750484630296317,">0.07"
"489","SE121","Uppsala län","SE",4219,56638,0.0744906246689502,">0.07"
"490","HU213","Veszprém","HU",1017,13672,0.0743856056173201,">0.07"
"491","PT11B","Alto Tâmega","PT",102,1378,0.0740203193033382,">0.07"
"492","BG321","Велико Търново (Veliko Tarnovo)","BG",445,6013,0.0740063196407783,">0.07"
"493","ES521","Alicante / Alacant","ES",1905,25796,0.0738486587067762,">0.07"
"494","DK021","Østsjælland","DK",807,10945,0.0737322978529009,">0.07"
"495","FI200","Åland","FI",23,312,0.0737179487179487,">0.07"
"496","NL324","Agglomeratie Haarlem","NL",2111,28770,0.0733750434480362,">0.07"
"497","SK010","Bratislavský kraj","SK",1183,16210,0.0729796421961752,">0.07"
"498","AT332","Innsbruck","AT",1500,20555,0.072974945268791,">0.07"
"499","ITH10","Bolzano-Bozen","IT",2463,33948,0.0725521385648639,">0.07"
"500","DEA13","Essen, Kreisfreie Stadt","DE",5759,79418,0.0725150469666826,">0.07"
"501","PT186","Alto Alentejo","PT",162,2242,0.072256913470116,">0.07"
"502","LV006","Rīga","LV",1939,26872,0.0721568919321227,">0.07"
"503","ITF62","Crotone","IT",144,1996,0.0721442885771543,">0.07"
"504","PT150","Algarve","PT",979,13635,0.0718005133846718,">0.07"
"505","BE213","Arr. Turnhout","BE",6196,86354,0.0717511638140677,">0.07"
"506","AT127","Wiener Umland/Südteil","AT",1797,25302,0.0710220535926014,">0.07"
"507","PL411","Pilski","PL",7895,111947,0.0705244446032497,">0.07"
"508","BG421","Пловдив (Plovdiv)","BG",2134,30444,0.0700959138089607,">0.07"
"509","DE25A","Neustadt a. d. Aisch-Bad Windsheim","DE",67,959,0.0698644421272158,">0.06"
"510","ITH44","Trieste","IT",853,12364,0.0689906179230023,">0.06"
"511","ITG25","Sassari","IT",298,4340,0.0686635944700461,">0.06"
"512","RO422","Caraş-Severin","RO",60,874,0.068649885583524,">0.06"
"513","DE80O","Ludwigslust-Parchim","DE",1150,16757,0.0686280360446381,">0.06"
"514","BE332","Arr. Liège","BE",4989,72698,0.0686263721147762,">0.06"
"515","PL12B","Ciechanowski","PL",820,11974,0.0684817103724737,">0.06"
"516","ITC12","Vercelli","IT",672,9887,0.0679680388388793,">0.06"
"517","BE211","Arr. Antwerpen","BE",13519,199173,0.0678756658784072,">0.06"
"518","DE600","Hamburg","DE",43241,637330,0.0678471121710888,">0.06"
"519","DK031","Fyn","DK",1249,18483,0.0675756100200184,">0.06"
"520","DE718","Hochtaunuskreis","DE",351,5219,0.0672542632688254,">0.06"
"521","FR822","Hautes-Alpes","FR",1073,16102,0.0666376847596572,">0.06"
"522","DEA22","Bonn, Kreisfreie Stadt","DE",4817,73351,0.0656705430055487,">0.06"
"523","PT111","Alto Minho","PT",1016,15496,0.0655653071760454,">0.06"
"524","EL525","Πιερία (Pieria)","EL",18,276,0.0652173913043478,">0.06"
"525","HU311","Borsod-Abaúj-Zemplén","HU",807,12397,0.0650963942889409,">0.06"
"526","ITC4D","Monza e della Brianza","IT",3038,48260,0.0629506837961044,">0.06"
"527","DE112","Böblingen","DE",3610,57507,0.0627749665258143,">0.06"
"528","ES532","Mallorca","ES",715,11406,0.0626863054532702,">0.06"
"529","ES422","Ciudad Real","ES",423,6767,0.0625092359982267,">0.06"
"530","DEB17","Mayen-Koblenz","DE",1116,18013,0.0619552545383889,">0.06"
"531","ITC14","Verbano-Cusio-Ossola","IT",342,5524,0.0619116582186821,">0.06"
"532","ES704","Fuerteventura","ES",39,630,0.0619047619047619,">0.06"
"533","NL122","Zuidwest-Friesland","NL",726,11774,0.0616612875828096,">0.06"
"534","NL412","Midden-Noord-Brabant","NL",5869,95906,0.0611953371009113,">0.06"
"535","DE275","Aichach-Friedberg","DE",182,2977,0.0611353711790393,">0.06"
"536","ES415","Salamanca","ES",392,6427,0.0609926871012914,">0.06"
"537","PL619","Włocławski","PL",4684,76997,0.0608335389690507,">0.06"
"538","ES512","Girona","ES",1516,25009,0.0606181774561158,">0.06"
"539","FR533","Deux-Sèvres","FR",8647,143056,0.0604448607538307,">0.06"
"540","NL225","Achterhoek","NL",3537,58574,0.0603851538225151,">0.06"
"541","FR101","Paris","FR",54329,901389,0.0602725349432931,">0.06"
"542","ITC4C","Milano","IT",21897,364455,0.0600814915421657,">0.06"
"543","AT322","Pinzgau-Pongau","AT",533,8881,0.0600157639905416,">0.06"
"544","PT11E","Terras de Trás-os-Montes","PT",1834,30816,0.0595145379023884,">0.05"
"545","ITI19","Siena","IT",459,7723,0.0594328628771203,">0.05"
"546","DEB13","Altenkirchen (Westerwald)","DE",339,5709,0.0593799264319496,">0.05"
"547","DE913","Wolfsburg, Kreisfreie Stadt","DE",1778,29996,0.059274569942659,">0.05"
"548","ITC20","Valle d'Aosta/Vallée d'Aoste","IT",419,7086,0.0591306802145075,">0.05"
"549","ITG17","Catania","IT",575,9752,0.0589622641509434,">0.05"
"550","DE111","Stuttgart, Stadtkreis","DE",18322,310870,0.0589378196673851,">0.05"
"551","NL211","Noord-Overijssel","NL",6989,118619,0.0589197346124988,">0.05"
"552","DE928","Schaumburg","DE",614,10514,0.0583983260414685,">0.05"
"553","ITH33","Belluno","IT",593,10174,0.0582858266168665,">0.05"
"554","DE252","Erlangen, Kreisfreie Stadt","DE",2460,42465,0.0579300600494525,">0.05"
"555","DE21F","Miesbach","DE",429,7425,0.0577777777777778,">0.05"
"556","AT315","Traunviertel","AT",895,15514,0.0576898285419621,">0.05"
"557","NL226","Arnhem/Nijmegen","NL",7923,138595,0.057166564450377,">0.05"
"558","DK022","Vest- og Sydsjælland","DK",885,15618,0.0566653860929697,">0.05"
"559","PL518","Wrocławski","PL",2198,38812,0.0566319694939709,">0.05"
"560","DEG0A","Kyffhäuserkreis","DE",282,4987,0.0565470222578705,">0.05"
"561","HU331","Bács-Kiskun","HU",676,11974,0.0564556539168198,">0.05"
"562","FI1D3","Pohjois-Karjala","FI",221,3915,0.0564495530012771,">0.05"
"563","ITG13","Messina","IT",257,4593,0.0559547136947529,">0.05"
"564","SE221","Blekinge län","SE",957,17145,0.0558180227471566,">0.05"
"565","NL422","Midden-Limburg","NL",2557,46150,0.0554062838569881,">0.05"
"566","DE71C","Offenbach, Landkreis","DE",2393,43192,0.0554037784774958,">0.05"
"567","FR625","Lot","FR",2395,43235,0.0553949346594194,">0.05"
"568","ES421","Albacete","ES",448,8107,0.0552608856543728,">0.05"
"569","DE21B","Freising","DE",992,18111,0.0547733421677434,">0.05"
"570","ES120","Asturias","ES",1197,21866,0.0547425226378853,">0.05"
"571","DE40E","Potsdam-Mittelmark","DE",910,16634,0.05470722616328,">0.05"
"572","EL642","Εύβοια (Evvoia)","EL",108,1977,0.0546282245827011,">0.05"
"573","DE40A","Oberhavel","DE",1165,21412,0.0544087427610686,">0.05"
"574","CZ080","Moravskoslezský kraj","CZ",2162,39937,0.0541352630392869,">0.05"
"575","NL33A","Zuidoost-Zuid-Holland","NL",3338,61872,0.0539500905094388,">0.05"
"576","RO215","Suceava","RO",349,6485,0.053816499614495,">0.05"
"577","DE712","Frankfurt am Main, Kreisfreie Stadt","DE",4029,75002,0.0537185675048665,">0.05"
"578","PL417","Leszczyński","PL",1424,26525,0.0536852026390198,">0.05"
"579","DE945","Wilhelmshaven, Kreisfreie Stadt","DE",579,10813,0.0535466568019976,">0.05"
"580","PT184","Baixo Alentejo","PT",1249,23368,0.0534491612461486,">0.05"
"581","DE409","Märkisch-Oderland","DE",563,10576,0.0532337367624811,">0.05"
"582","DE126","Mannheim, Stadtkreis","DE",2950,55623,0.0530356147636769,">0.05"
"583","DEB15","Birkenfeld","DE",222,4192,0.0529580152671756,">0.05"
"584","SE312","Dalarnas län","SE",1742,32964,0.0528455284552846,">0.05"
"585","ES514","Tarragona","ES",1062,20117,0.0527911716458717,">0.05"
"586","BG333","Шумен (Shumen)","BG",254,4820,0.0526970954356846,">0.05"
"587","ES114","Pontevedra","ES",845,16055,0.0526315789473684,">0.05"
"588","DEB32","Kaiserslautern, Kreisfreie Stadt","DE",919,17516,0.0524663165106189,">0.05"
"589","BE341","Arr. Arlon","BE",210,4010,0.0523690773067332,">0.05"
"590","FI1D2","Pohjois-Savo","FI",291,5562,0.052319309600863,">0.05"
"591","DE122","Karlsruhe, Stadtkreis","DE",4746,90908,0.0522066264795178,">0.05"
"592","DE939","Stade","DE",544,10438,0.0521172638436482,">0.05"
"593","RO423","Hunedoara","RO",203,3896,0.0521047227926078,">0.05"
"594","ES413","León","ES",618,11873,0.0520508717257643,">0.05"
"595","DE114","Göppingen","DE",1059,20409,0.0518888725562252,">0.05"
"596","SE123","Östergötlands län","SE",3615,69791,0.0517975097075554,">0.05"
"597","DE142","Tübingen, Landkreis","DE",946,18276,0.0517618734952944,">0.05"
"598","PL22C","Tyski","PL",1323,25808,0.0512631742095474,">0.05"
"599","HR04A","Brodsko-posavska županija","HR",65,1269,0.0512214342001576,">0.05"
"600","ES523","Valencia / Val?ncia","ES",2902,56722,0.0511618067063926,">0.05"
"601","SI032","Podravska","SI",422,8272,0.0510154738878143,">0.05"
"602","RO114","Maramureş","RO",139,2730,0.0509157509157509,">0.05"
"603","DE21E","Landsberg am Lech","DE",177,3505,0.0504992867332382,">0.05"
"604","ES416","Segovia","ES",210,4185,0.0501792114695341,">0.05"
"605","BE345","Arr. Virton","BE",108,2153,0.0501625638643753,">0.05"
"606","DE716","Darmstadt-Dieburg","DE",751,14979,0.0501368582682422,">0.05"
"607","ITC32","Savona","IT",509,10157,0.0501132224081914,">0.05"
"608","DEA2D","Städteregion Aachen","DE",2911,58562,0.0497080017758956,">0.04"
"609","AT314","Steyr-Kirchdorf","AT",498,10063,0.049488224187618,">0.04"
"610","PT11C","Tâmega e Sousa","PT",279,5638,0.0494856332032636,">0.04"
"611","ITH55","Bologna","IT",4381,88602,0.0494458364371007,">0.04"
"612","AT223","Östliche Obersteiermark","AT",370,7492,0.0493860117458623,">0.04"
"613","NL321","Kop van Noord-Holland","NL",1489,30204,0.0492981062110979,">0.04"
"614","FR823","Alpes-Maritimes","FR",8188,166283,0.0492413535959779,">0.04"
"615","DEB3K","Südwestpfalz","DE",162,3290,0.0492401215805471,">0.04"
"616","ITF46","Foggia","IT",202,4114,0.0491006319883325,">0.04"
"617","ITC49","Lodi","IT",620,12634,0.0490739274972297,">0.04"
"618","DK014","Bornholm","DK",58,1187,0.0488626790227464,">0.04"
"619","NL230","Flevoland","NL",3107,63726,0.0487556099551204,">0.04"
"620","DE714","Wiesbaden, Kreisfreie Stadt","DE",1529,32111,0.0476160817165457,">0.04"
"621","DE123","Karlsruhe, Landkreis","DE",2184,45899,0.0475827360073204,">0.04"
"622","FI1D7","Lappi","FI",228,4802,0.0474802165764265,">0.04"
"623","DE404","Potsdam, Kreisfreie Stadt","DE",1731,36464,0.0474714787187363,">0.04"
"624","DEB25","Trier-Saarburg","DE",377,7969,0.0473083197389886,">0.04"
"625","ITI45","Frosinone","IT",428,9071,0.0471833314959762,">0.04"
"626","SK023","Nitriansky kraj","SK",1272,27000,0.0471111111111111,">0.04"
"627","ITI12","Lucca","IT",730,15509,0.0470694435489071,">0.04"
"628","DE406","Dahme-Spreewald","DE",730,15576,0.0468669748330765,">0.04"
"629","DK041","Vestjylland","DK",663,14189,0.046726337303545,">0.04"
"630","NL112","Delfzijl en omgeving","NL",301,6448,0.046681141439206,">0.04"
"631","FR813","Hérault","FR",16003,342987,0.0466577450457306,">0.04"
"632","DEA24","Leverkusen, Kreisfreie Stadt","DE",1347,28918,0.0465799847845632,">0.04"
"633","DE141","Reutlingen","DE",1637,35197,0.0465096457084411,">0.04"
"634","DEB3D","Donnersbergkreis","DE",197,4243,0.0464294131510724,">0.04"
"635","ES705","Gran Canaria","ES",322,6949,0.0463376025327385,">0.04"
"636","ES242","Teruel","ES",204,4404,0.0463215258855586,">0.04"
"637","DEA16","Mülheim an der Ruhr,Kreisfreie Stadt","DE",105,2268,0.0462962962962963,">0.04"
"638","EE008","Lõuna-Eesti","EE",704,15247,0.046173017642815,">0.04"
"639","AT225","West- und Südsteiermark","AT",303,6577,0.0460696366124373,">0.04"
"640","AT311","Innviertel","AT",598,13022,0.0459222853632315,">0.04"
"641","DEB35","Mainz, Kreisfreie Stadt","DE",2488,54446,0.0456966535650002,">0.04"
"642","DEG03","Jena, Kreisfreie Stadt","DE",1357,29878,0.0454180333355646,">0.04"
"643","DED21","Dresden, Kreisfreie Stadt","DE",6120,135003,0.0453323259483123,">0.04"
"644","DE919","Osterode am Harz","DE",53,1175,0.0451063829787234,">0.04"
"645","FI1C4","Kymenlaakso","FI",152,3371,0.0450904776030851,">0.04"
"646","ES243","Zaragoza","ES",1146,25426,0.045071973570361,">0.04"
"647","DE144","Ulm, Stadtkreis","DE",1554,34647,0.0448523681704044,">0.04"
"648","DE22B","Straubing-Bogen","DE",423,9444,0.0447903430749682,">0.04"
"649","DEF06","Herzogtum Lauenburg","DE",547,12225,0.0447443762781186,">0.04"
"650","ES432","Cáceres","ES",273,6160,0.0443181818181818,">0.04"
"651","DE711","Darmstadt, Kreisfreie Stadt","DE",2951,66876,0.0441264429690771,">0.04"
"652","PL21A","Oświęcimski","PL",901,20693,0.0435412941574445,">0.04"
"653","FI1C3","Päijät-Häme","FI",196,4502,0.0435362061306086,">0.04"
"654","ES620","Murcia","ES",989,22766,0.0434419748748133,">0.04"
"655","DEF0E","Steinburg","DE",339,7820,0.0433503836317136,">0.04"
"656","NL221","Veluwe","NL",5073,117221,0.043277228482951,">0.04"
"657","ES212","Gipuzkoa","ES",895,20710,0.0432158377595365,">0.04"
"658","SE313","Gävleborgs län","SE",1398,32519,0.042990251852763,">0.04"
"659","AT323","Salzburg und Umgebung","AT",1479,34488,0.0428844815588031,">0.04"
"660","NL121","Noord-Friesland","NL",1961,45760,0.042854020979021,">0.04"
"661","SK031","Žilinský kraj","SK",947,22203,0.0426518938882133,">0.04"
"662","DEG0I","Saalfeld-Rudolstadt","DE",351,8253,0.0425299890948746,">0.04"
"663","SE331","Västerbottens län","SE",1742,41192,0.0422897650029132,">0.04"
"664","ITH52","Parma","IT",1711,40687,0.0420527441197434,">0.04"
"665","ES220","Navarra","ES",906,21551,0.0420398125377013,">0.04"
"666","ITI43","Roma","IT",19313,459774,0.0420054200542005,">0.04"
"667","ES230","La Rioja","ES",356,8476,0.0420009438414346,">0.04"
"668","EL514","Δράμα (Drama)","EL",51,1215,0.0419753086419753,">0.04"
"669","NL131","Noord-Drenthe","NL",1362,32522,0.0418793432138245,">0.04"
"670","DEB21","Trier, Kreisfreie Stadt","DE",649,15552,0.0417309670781893,">0.04"
"671","DE232","Regensburg, Kreisfreie Stadt","DE",2194,52640,0.0416793313069909,">0.04"
"672","AT126","Wiener Umland/Nordteil","AT",342,8210,0.0416565164433618,">0.04"
"673","DE271","Augsburg, Kreisfreie Stadt","DE",2604,62652,0.0415629189810381,">0.04"
"674","ITG12","Palermo","IT",322,7783,0.0413722215084158,">0.04"
"675","DE121","Baden-Baden, Stadtkreis","DE",543,13125,0.0413714285714286,">0.04"
"676","ES523","Valencia / València","ES",955,23109,0.0413258903457527,">0.04"
"677","BE221","Arr. Hasselt","BE",3670,88932,0.0412674852696442,">0.04"
"678","AT342","Rheintal-Bodenseegebiet","AT",879,21371,0.0411305039539563,">0.04"
"679","DE251","Ansbach, Kreisfreie Stadt","DE",309,7525,0.041063122923588,">0.04"
"680","ITC33","Genova","IT",900,21927,0.0410452866329183,">0.04"
"681","DEA1C","Mettmann","DE",2176,53043,0.0410233207020719,">0.04"
"682","ES618","Sevilla","ES",1071,26222,0.0408435664709023,">0.04"
"683","EL411","Λέσβος, Λήμνος (Lesvos, Limnos)","EL",212,5194,0.0408163265306122,">0.04"
"684","RO124","Harghita","RO",49,1201,0.0407993338884263,">0.04"
"685","ES412","Burgos","ES",382,9442,0.040457530184283,">0.04"
"686","ITG27","Cagliari","IT",338,8386,0.040305270689244,">0.04"
"687","ITF47","Bari","IT",824,20588,0.0400233145521663,">0.04"
"688","PL315","Puławski","PL",814,20339,0.0400216333153056,">0.04"
"689","RO314","Giurgiu","RO",101,2526,0.0399841646872526,">0.03"
"690","BE352","Arr. Namur","BE",1040,26039,0.0399400898652022,">0.03"
"691","RO225","Tulcea","RO",149,3741,0.0398289227479284,">0.03"
"692","NL132","Zuidoost-Drenthe","NL",631,15856,0.0397956609485368,">0.03"
"693","AT312","Linz-Wels","AT",2894,72912,0.0396916831248628,">0.03"
"694","PL418","Poznański","PL",2432,61570,0.0394997563748579,">0.03"
"695","BE254","Arr. Kortrijk","BE",3591,90928,0.0394927855006159,">0.03"
"696","BG413","Благоевград (Blagoevgrad)","BG",346,8779,0.0394122337396059,">0.03"
"697","RO415","Vâlcea","RO",69,1752,0.0393835616438356,">0.03"
"698","ES423","Cuenca","ES",168,4266,0.0393811533052039,">0.03"
"699","ITF44","Brindisi","IT",184,4687,0.0392575208022189,">0.03"
"700","DE11D","Ostalbkreis","DE",1273,32483,0.039189730012622,">0.03"
"701","DE26C","Würzburg, Landkreis","DE",291,7444,0.0390918860827512,">0.03"
"702","","","DE",142488,3646762,0.0390724703175036,">0.03"
"703","DE408","Havelland","DE",548,14091,0.0388900716769569,">0.03"
"704","DE115","Ludwigsburg","DE",2262,58204,0.0388633083636863,">0.03"
"705","SE122","Södermanlands län","SE",1330,34280,0.0387981330221704,">0.03"
"706","NL342","Overig Zeeland","NL",1464,37763,0.038768106347483,">0.03"
"707","PL323","Krośnieński","PL",546,14114,0.0386849936233527,">0.03"
"708","SI044","Obalno-kraška","SI",171,4425,0.0386440677966102,">0.03"
"709","NL123","Zuidoost-Friesland","NL",1433,37281,0.0384378101445777,">0.03"
"710","DE24A","Kronach","DE",79,2063,0.0382937469704314,">0.03"
"711","DE949","Emsland","DE",809,21154,0.038243358230122,">0.03"
"712","PT16D","Região de Aveiro","PT",192,5030,0.0381709741550696,">0.03"
"713","DE915","Göttingen","DE",1985,52354,0.0379149635175918,">0.03"
"714","ITF33","Napoli","IT",965,25475,0.0378802747791953,">0.03"
"715","CZ032","Plzeňský kraj","CZ",989,26180,0.0377769289533995,">0.03"
"716","NL224","Zuidwest-Gelderland","NL",1518,40217,0.0377452321157719,">0.03"
"717","PT300","Região Autónoma da Madeira","PT",152,4040,0.0376237623762376,">0.03"
"718","DEC01","Regionalverband Saarbrücken","DE",942,25074,0.0375687963627662,">0.03"
"719","ITF11","L'Aquila","IT",244,6505,0.0375096079938509,">0.03"
"720","DE147","Bodenseekreis","DE",1271,33981,0.0374032547600129,">0.03"
"721","BE231","Arr. Aalst","BE",1255,33561,0.0373945949167188,">0.03"
"722","PL622","Olsztyński","PL",597,16023,0.037258940273357,">0.03"
"723","SI041","Osrednjeslovenska","SI",698,18781,0.0371652201693201,">0.03"
"724","DE501","Bremen, Kreisfreie Stadt","DE",4725,127646,0.0370164360810366,">0.03"
"725","SK022","Trenčiansky kraj","SK",716,19426,0.0368578194172758,">0.03"
"726","DE113","Esslingen","DE",1881,51046,0.036849116483172,">0.03"
"727","DE242","Bayreuth, Kreisfreie Stadt","DE",700,19111,0.0366281199309298,">0.03"
"728","ES533","Menorca","ES",22,603,0.0364842454394693,">0.03"
"729","SK021","Trnavský kraj","SK",774,21272,0.0363858593456187,">0.03"
"730","DEA51","Bochum, Kreisfreie Stadt","DE",1589,43804,0.0362752260067574,">0.03"
"731","ES111","A Coruña","ES",685,18901,0.0362414687053595,">0.03"
"732","ITC15","Novara","IT",840,23214,0.0361850607392091,">0.03"
"733","DEE0C","Salzlandkreis","DE",291,8042,0.0361850285998508,">0.03"
"734","DE918","Northeim","DE",326,9129,0.0357103735348888,">0.03"
"735","ITF43","Taranto","IT",194,5435,0.0356945722171113,">0.03"
"736","ITF51","Potenza","IT",259,7262,0.0356651060313963,">0.03"
"737","DE40H","Teltow-Fläming","DE",632,17724,0.0356578650417513,">0.03"
"738","SE311","Värmlands län","SE",1016,28563,0.0355704932955222,">0.03"
"739","CZ041","Karlovarský kraj","CZ",533,15017,0.0354931078111474,">0.03"
"740","ITI22","Terni","IT",180,5133,0.0350672121566335,">0.03"
"741","ES425","Toledo","ES",457,13033,0.0350648354177856,">0.03"
"742","CZ042","Ústecký kraj","CZ",776,22132,0.0350623531538044,">0.03"
"743","DE40D","Ostprignitz-Ruppin","DE",392,11188,0.0350375402216661,">0.03"
"744","LT003","Klaipėdos apskritis","LT",366,10460,0.0349904397705545,">0.03"
"745","DEA52","Dortmund, Kreisfreie Stadt","DE",3307,94726,0.0349112176171273,">0.03"
"746","DE11C","Heidenheim","DE",524,15010,0.0349100599600266,">0.03"
"747","AT122","Niederösterreich-Süd","AT",364,10431,0.034895983127217,">0.03"
"748","ES414","Palencia","ES",144,4150,0.0346987951807229,">0.03"
"749","DEA33","Münster, Kreisfreie Stadt","DE",1006,29096,0.0345751993401155,">0.03"
"750","DE27E","Oberallgäu","DE",141,4079,0.0345672959058593,">0.03"
"751","CZ052","Královéhradecký kraj","CZ",714,20686,0.0345160978439524,">0.03"
"752","DE94G","Wesermarsch","DE",263,7630,0.0344692005242464,">0.03"
"753","BE236","Arr. Sint-Niklaas","BE",1698,49277,0.0344582665340828,">0.03"
"754","DEA1A","Wuppertal, Kreisfreie Stadt","DE",1604,46699,0.0343476305702478,">0.03"
"755","DE128","Rhein-Neckar-Kreis","DE",1333,38834,0.0343255909769789,">0.03"
"756","ITC11","Torino","IT",3695,108066,0.0341920678104122,">0.03"
"757","BE334","Arr. Waremme","BE",95,2781,0.0341603739661992,">0.03"
"758","DEF0B","Rendsburg-Eckernförde","DE",826,24195,0.0341392849762348,">0.03"
"759","DEA55","Herne, Kreisfreie Stadt","DE",234,6857,0.0341257109523115,">0.03"
"760","ES113","Ourense","ES",154,4523,0.0340481980986071,">0.03"
"761","DEA26","Düren","DE",584,17193,0.0339673122782528,">0.03"
"762","DE911","Braunschweig, Kreisfreie Stadt","DE",1440,42394,0.0339670708119073,">0.03"
"763","DE217","Dachau","DE",529,15587,0.0339385385256945,">0.03"
"764","DE131","Freiburg im Breisgau, Stadtkreis","DE",744,21962,0.0338766961114653,">0.03"
"765","ITI17","Pisa","IT",466,13756,0.033876126781041,">0.03"
"766","ITI18","Arezzo","IT",345,10221,0.0337540358086293,">0.03"
"767","NL323","IJmond","NL",628,18643,0.0336855656278496,">0.03"
"768","DEA2B","Rheinisch-Bergischer Kreis","DE",734,21846,0.0335988281607617,">0.03"
"769","DE715","Bergstraße","DE",678,20185,0.0335892989843944,">0.03"
"770","DEA23","Köln, Kreisfreie Stadt","DE",7140,213347,0.0334666060455502,">0.03"
"771","DE71E","Wetteraukreis","DE",566,16933,0.0334258548396622,">0.03"
"772","DEA31","Bottrop, Kreisfreie Stadt","DE",266,7960,0.0334170854271357,">0.03"
"773","SE211","Jönköpings län","SE",1860,55678,0.0334063723553289,">0.03"
"774","PL332","Sandomiersko-jędrzejowski","PL",877,26406,0.033212148754071,">0.03"
"775","DE237","Neustadt a. d. Waldnaab","DE",92,2771,0.0332010104655359,">0.03"
"776","DEA1D","Rhein-Kreis Neuss","DE",1674,50594,0.0330869273036328,">0.03"
"777","ES211","Araba/Álava","ES",413,12512,0.0330083120204604,">0.03"
"778","DE138","Konstanz","DE",900,27377,0.0328743105526537,">0.03"
"779","ITI44","Latina","IT",436,13290,0.0328066215199398,">0.03"
"780","DE925","Hildesheim","DE",974,29881,0.0325959639904956,">0.03"
"781","DE21A","Erding","DE",373,11456,0.0325593575418994,">0.03"
"782","ITG18","Ragusa","IT",109,3356,0.0324791418355185,">0.03"
"783","RO211","Bacău","RO",133,4103,0.0324153058737509,">0.03"
"784","DE926","Holzminden","DE",106,3275,0.0323664122137405,">0.03"
"785","DEA2C","Rhein-Sieg-Kreis","DE",1194,36982,0.0322859769617652,">0.03"
"786","ITI41","Viterbo","IT",250,7765,0.0321957501609788,">0.03"
"787","DEC05","Saarpfalz-Kreis","DE",97,3033,0.031981536432575,">0.03"
"788","NL212","Zuidwest-Overijssel","NL",805,25405,0.0316866758512104,">0.03"
"789","DE227","Landshut, Landkreis","DE",231,7293,0.0316742081447964,">0.03"
"790","DEA19","Solingen, Kreisfreie Stadt","DE",337,10658,0.0316194407956465,">0.03"
"791","ES708","Lanzarote","ES",59,1871,0.031533939070016,">0.03"
"792","DEA12","Duisburg, Kreisfreie Stadt","DE",1705,54315,0.0313909601399245,">0.03"
"793","ES213","Bizkaia","ES",907,29023,0.0312510767322468,">0.03"
"794","ITH54","Modena","IT",2171,69737,0.0311312502688673,">0.03"
"795","BE255","Arr. Oostende","BE",649,20883,0.0310779102619355,">0.03"
"796","BE342","Arr. Bastogne","BE",117,3773,0.0310098065200106,">0.03"
"797","DEF0D","Segeberg","DE",1083,34927,0.0310075299911243,">0.03"
"798","ITF48","Barletta-Andria-Trani","IT",99,3196,0.0309762202753442,">0.03"
"799","DEA15","Mönchengladbach, Kreisfreie Stadt","DE",951,30714,0.0309630787263137,">0.03"
"800","DEA17","Oberhausen, Kreisfreie Stadt","DE",323,10450,0.0309090909090909,">0.03"
"801","SE124","Örebro län","SE",1160,37695,0.0307733121103595,">0.03"
"802","ITC41","Varese","IT",1371,44653,0.0307034241820258,">0.03"
"803","DEA18","Remscheid, Kreisfreie Stadt","DE",407,13288,0.0306291390728477,">0.03"
"804","DE218","Ebersberg","DE",322,10515,0.0306229196386115,">0.03"
"805","PL227","Rybnicki","PL",671,22115,0.0303413972416912,">0.03"
"806","NL322","Alkmaar en omgeving","NL",1034,34086,0.0303350349116939,">0.03"
"807","RO221","Brăila","RO",56,1852,0.0302375809935205,">0.03"
"808","AT335","Tiroler Unterland","AT",634,20993,0.0302005430381556,">0.03"
"809","ES531","Eivissa y Formentera","ES",37,1227,0.0301548492257539,">0.03"
"810","DEA41","Bielefeld, Kreisfreie Stadt","DE",1777,58937,0.0301508390315082,">0.03"
"811","DE71D","Rheingau-Taunus-Kreis","DE",270,8998,0.0300066681484774,">0.03"
"812","DEF05","Dithmarschen","DE",345,11500,0.03,">0.03"
"813","CZ020","Středočeský kraj","CZ",1281,42836,0.0299047530114857,">0.02"
"814","FR413","Moselle","FR",5068,169504,0.0298989994336417,">0.02"
"815","BE324","Arr. Mouscron","BE",296,9903,0.0298899323437342,">0.02"
"816","SK041","Prešovský kraj","SK",541,18236,0.0296665935512174,">0.02"
"817","ES241","Huesca","ES",202,6852,0.0294804436660829,">0.02"
"818","DEB3J","Mainz-Bingen","DE",321,10902,0.0294441386901486,">0.02"
"819","DEC04","Saarlouis","DE",479,16280,0.0294226044226044,">0.02"
"820","RO413","Mehedinţi","RO",24,820,0.0292682926829268,">0.02"
"821","DE257","Erlangen-Höchstadt","DE",83,2842,0.0292047853624208,">0.02"
"822","HU322","Jász-Nagykun-Szolnok","HU",222,7602,0.0292028413575375,">0.02"
"823","DE929","Region Hannover","DE",6828,233931,0.0291880939251318,">0.02"
"824","ITI14","Firenze","IT",2740,93940,0.0291675537577177,">0.02"
"825","AT213","Unterkärnten","AT",147,5044,0.0291435368754956,">0.02"
"826","ES613","Córdoba","ES",270,9276,0.0291073738680466,">0.02"
"827","DEB34","Ludwigshafen am Rhein, Kreisfreie Stadt","DE",198,6810,0.0290748898678414,">0.02"
"828","BE327","Arr. Tournai","BE",294,10126,0.0290341694647442,">0.02"
"829","SI036","Posavska","SI",65,2258,0.0287865367581931,">0.02"
"830","DE254","Nürnberg, Kreisfreie Stadt","DE",2917,101430,0.0287587498767623,">0.02"
"831","ITH41","Pordenone","IT",847,29517,0.0286953281160009,">0.02"
"832","DEA32","Gelsenkirchen, Kreisfreie Stadt","DE",606,21184,0.0286064954682779,">0.02"
"833","DEB3A","Zweibrücken, Kreisfreie Stadt","DE",90,3158,0.0284990500316656,">0.02"
"834","RO216","Vaslui","RO",85,2986,0.0284661754855995,">0.02"
"835","ITI32","Ancona","IT",519,18234,0.0284633102994406,">0.02"
"836","RO414","Olt","RO",40,1412,0.028328611898017,">0.02"
"837","SE321","Västernorrlands län","SE",836,29526,0.0283140283140283,">0.02"
"838","PL634","Gdański","PL",987,35014,0.0281887245101959,">0.02"
"839","BG423","Пазарджик (Pazardzhik)","BG",127,4520,0.0280973451327434,">0.02"
"840","DE265","Bad Kissingen","DE",124,4414,0.0280924331671953,">0.02"
"841","DE213","Rosenheim, Kreisfreie Stadt","DE",416,14838,0.0280361234667745,">0.02"
"842","DE21C","Fürstenfeldbruck","DE",396,14134,0.0280175463421537,">0.02"
"843","DE21I","Neuburg-Schrobenhausen","DE",28,1008,0.0277777777777778,">0.02"
"844","ITC16","Cuneo","IT",836,30113,0.0277620961046724,">0.02"
"845","DEF03","Lübeck, Kreisfreie Stadt","DE",463,16691,0.0277395003295189,">0.02"
"846","DE735","Schwalm-Eder-Kreis","DE",225,8149,0.0276107497852497,">0.02"
"847","ITG28","Oristano","IT",82,2970,0.0276094276094276,">0.02"
"848","SI038","Primorsko-notranjska","SI",44,1597,0.0275516593613024,">0.02"
"849","BE223","Arr. Tongeren","BE",619,22595,0.0273954414693516,">0.02"
"850","ITI42","Rieti","IT",84,3110,0.0270096463022508,">0.02"
"851","AT121","Mostviertel-Eisenwurzen","AT",244,9116,0.0267661254936376,">0.02"
"852","DED51","Leipzig, Kreisfreie Stadt","DE",4246,159072,0.026692315429491,">0.02"
"853","ES703","El Hierro","ES",10,376,0.0265957446808511,">0.02"
"854","DE719","Main-Kinzig-Kreis","DE",459,17316,0.0265072765072765,">0.02"
"855","BE251","Arr. Brugge","BE",1749,66195,0.0264219351914797,">0.02"
"856","FI1C2","Kanta-Häme","FI",105,3992,0.0263026052104208,">0.02"
"857","DE93B","Verden","DE",403,15391,0.0261841335845624,">0.02"
"858","DE734","Kassel, Landkreis","DE",616,23537,0.0261715596720058,">0.02"
"859","HU323","Szabolcs-Szatmár-Bereg","HU",466,17845,0.0261137573550014,">0.02"
"860","FR105","Hauts-de-Seine","FR",14370,554902,0.0258964646009566,">0.02"
"861","ITH31","Verona","IT",1372,53286,0.0257478512179559,">0.02"
"862","FI1D4","Kainuu","FI",46,1788,0.0257270693512304,">0.02"
"863","DE935","Lüneburg, Landkreis","DE",297,11547,0.0257209664848012,">0.02"
"864","DE219","Eichstätt","DE",110,4297,0.0255992552943914,">0.02"
"865","ITC18","Alessandria","IT",572,22388,0.0255494014650706,">0.02"
"866","ES640","Melilla","ES",29,1137,0.0255057167985928,">0.02"
"867","HU221","Győr-Moson-Sopron","HU",452,17872,0.0252909579230081,">0.02"
"868","FR623","Haute-Garonne","FR",8922,353521,0.0252375389297948,">0.02"
"869","DEA14","Krefeld, Kreisfreie Stadt","DE",817,32500,0.0251384615384615,">0.02"
"870","BG332","Добрич (Dobrich)","BG",127,5088,0.0249606918238994,">0.02"
"871","AT333","Osttirol","AT",64,2578,0.0248254460822343,">0.02"
"872","PL116","Sieradzki","PL",401,16160,0.0248143564356436,">0.02"
"873","FR411","Meurthe-et-Moselle","FR",3109,125479,0.0247770543278158,">0.02"
"874","SE332","Norrbottens län","SE",915,36948,0.0247645339395908,">0.02"
"875","FR613","Landes","FR",1153,46615,0.0247345275126032,">0.02"
"876","DEB38","Speyer, Kreisfreie Stadt","DE",225,9099,0.0247279920870425,">0.02"
"877","DE116","Rems-Murr-Kreis","DE",733,29698,0.0246817967539902,">0.02"
"878","RO214","Neamţ","RO",61,2479,0.0246066962484873,">0.02"
"879","FI194","Etelä-Pohjanmaa","FI",102,4178,0.0244135950215414,">0.02"
"880","DE80L","Vorpommern-Rügen","DE",272,11146,0.0244033734075004,">0.02"
"881","ITH32","Vicenza","IT",1440,59277,0.0242927273647452,">0.02"
"882","DEB22","Bernkastel-Wittlich","DE",281,11589,0.0242471308999914,">0.02"
"883","DE723","Limburg-Weilburg","DE",151,6240,0.0241987179487179,">0.02"
"884","DE722","Lahn-Dill-Kreis","DE",441,18231,0.0241895672206681,">0.02"
"885","DEA47","Paderborn","DE",709,29314,0.0241863955789043,">0.02"
"886","DEA56","Ennepe-Ruhr-Kreis","DE",471,19520,0.0241290983606557,">0.02"
"887","DEF02","Kiel, Kreisfreie Stadt","DE",722,30035,0.0240386216081239,">0.02"
"888","BG341","Бургас (Burgas)","BG",449,18688,0.0240261130136986,">0.02"
"889","DE725","Vogelsbergkreis","DE",149,6253,0.0238285622901008,">0.02"
"890","ES522","Castellón / Castelló","ES",314,13242,0.0237124301465035,">0.02"
"891","DEF04","Neumünster, Kreisfreie Stadt","DE",302,12746,0.0236937078299074,">0.02"
"892","DE502","Bremerhaven, Kreisfreie Stadt","DE",291,12291,0.023675860385648,">0.02"
"893","BE344","Arr. Neufchâteau","BE",105,4444,0.0236273627362736,">0.02"
"894","LV005","Latgale","LV",129,5463,0.0236133992311917,">0.02"
"895","ITC17","Asti","IT",198,8416,0.0235266159695817,">0.02"
"896","SI034","Savinjska","SI",167,7120,0.0234550561797753,">0.02"
"897","FR832","Haute-Corse","FR",1670,71677,0.0232989661955718,">0.02"
"898","ITC34","La Spezia","IT",126,5414,0.023272995936461,">0.02"
"899","DEB14","Bad Kreuznach","DE",398,17135,0.0232273125182375,">0.02"
"900","DE278","Günzburg","DE",296,12749,0.023217507255471,">0.02"
"901","CZ051","Liberecký kraj","CZ",327,14109,0.0231766957261323,">0.02"
"902","DE912","Salzgitter, Kreisfreie Stadt","DE",286,12351,0.0231560197554854,">0.02"
"903","DE24B","Kulmbach","DE",120,5195,0.0230991337824832,">0.02"
"904","DE228","Passau, Landkreis","DE",61,2641,0.0230973116243847,">0.02"
"905","DEB11","Koblenz, Kreisfreie Stadt","DE",663,28733,0.0230745136254481,">0.02"
"906","ITH20","Trento","IT",762,33051,0.0230552782064083,">0.02"
"907","DE129","Pforzheim, Stadtkreis","DE",491,21309,0.0230419071753719,">0.02"
"908","SI042","Gorenjska","SI",133,5811,0.0228876269144726,">0.02"
"909","PL523","Nyski","PL",691,30225,0.0228618693134822,">0.02"
"910","DE133","Emmendingen","DE",203,8888,0.0228397839783978,">0.02"
"911","ITG29","Olbia-Tempio","IT",70,3078,0.0227420402858999,">0.02"
"912","FI1D1","Etelä-Savo","FI",66,2910,0.022680412371134,">0.02"
"913","DE721","Gießen, Landkreis","DE",357,15810,0.0225806451612903,">0.02"
"914","RO222","Buzău","RO",61,2702,0.0225758697261288,">0.02"
"915","LT006","Šiaulių apskritis","LT",110,4913,0.0223895786688378,">0.02"
"916","SI037","Jugovzhodna Slovenija","SI",96,4303,0.0223100162677202,">0.02"
"917","DEB3C","Bad Dürkheim","DE",153,6871,0.0222675010915442,">0.02"
"918","DE91A","Peine","DE",198,8917,0.0222047773914994,">0.02"
"919","ES418","Valladolid","ES",309,14003,0.0220666999928587,">0.02"
"920","ITC42","Como","IT",638,29035,0.0219734802824178,">0.02"
"921","CZ063","Kraj Vysočina","CZ",386,17576,0.0219617660446063,">0.02"
"922","DEA53","Hagen, Kreisfreie Stadt","DE",216,9839,0.0219534505539181,">0.02"
"923","DEB12","Ahrweiler","DE",177,8104,0.0218410661401777,">0.02"
"924","CZ031","Jihočeský kraj","CZ",494,22622,0.0218371496773053,">0.02"
"925","DEA1B","Kleve","DE",296,13590,0.0217807211184695,">0.02"
"926","ES615","Huelva","ES",122,5611,0.0217430048119765,">0.02"
"927","DED53","Nordsachsen","DE",549,25257,0.0217365482836441,">0.02"
"928","DEF09","Pinneberg","DE",623,28687,0.0217171541116185,">0.02"
"929","DE243","Coburg, Kreisfreie Stadt","DE",270,12447,0.0216919739696312,">0.02"
"930","DED42","Erzgebirgskreis","DE",398,18365,0.0216716580451947,">0.02"
"931","DE276","Augsburg, Landkreis","DE",102,4724,0.0215918712955123,">0.02"
"932","ITG14","Agrigento","IT",76,3530,0.0215297450424929,">0.02"
"933","EE004","Lääne-Eesti","EE",136,6336,0.0214646464646465,">0.02"
"934","DE71B","Odenwaldkreis","DE",47,2190,0.0214611872146119,">0.02"
"935","DE148","Ravensburg","DE",629,29321,0.0214522014938099,">0.02"
"936","ITH59","Rimini","IT",425,19854,0.0214062657399013,">0.02"
"937","ITF65","Reggio di Calabria","IT",83,3885,0.0213642213642214,">0.02"
"938","BE336","Bezirk Verviers - Deutschsprachige Gemeinschaft","BE",82,3840,0.0213541666666667,">0.02"
"939","ITH37","Rovigo","IT",228,10706,0.0212964692695685,">0.02"
"940","ITF52","Matera","IT",79,3717,0.0212536992198009,">0.02"
"941","DE245","Bamberg, Landkreis","DE",89,4188,0.021251193887297,">0.02"
"942","DEE03","Magdeburg, Kreisfreie Stadt","DE",593,27954,0.0212134220505116,">0.02"
"943","FI1D5","Keski-Pohjanmaa","FI",38,1797,0.0211463550361714,">0.02"
"944","DE139","Lörrach","DE",274,12973,0.0211207893316889,">0.02"
"945","BE232","Arr. Dendermonde","BE",582,27583,0.0210999528695211,">0.02"
"946","RO313","Dâmboviţa","RO",36,1712,0.0210280373831776,">0.02"
"947","BE256","Arr. Roeselare","BE",1037,49340,0.0210174300770166,">0.02"
"948","DED41","Chemnitz, Kreisfreie Stadt","DE",723,34415,0.0210082812727009,">0.02"
"949","DEA42","Gütersloh","DE",880,42065,0.0209200047545465,">0.02"
"950","NL338","Oost-Zuid-Holland","NL",649,31128,0.0208493960421485,">0.02"
"951","PT185","Lezíria do Tejo","PT",86,4132,0.0208131655372701,">0.02"
"952","DE117","Heilbronn, Stadtkreis","DE",608,29230,0.0208005473828259,">0.02"
"953","DEA54","Hamm, Kreisfreie Stadt","DE",127,6108,0.02079240340537,">0.02"
"954","DEA36","Recklinghausen","DE",719,34635,0.020759347480872,">0.02"
"955","NL133","Zuidwest-Drenthe","NL",399,19221,0.0207585453410332,">0.02"
"956","BG422","Хасково (Haskovo)","BG",195,9418,0.0207050329156934,">0.02"
"957","DE80K","Landkreis Rostock","DE",347,16764,0.0206991171558101,">0.02"
"958","ITH57","Ravenna","IT",598,28913,0.0206827378687787,">0.02"
"959","ITI31","Pesaro e Urbino","IT",346,16746,0.0206616505434134,">0.02"
"960","DEA28","Euskirchen","DE",262,12714,0.0206072046562844,">0.02"
"961","DE216","Bad Tölz-Wolfratshausen","DE",41,1993,0.0205720020070246,">0.02"
"962","SE231","Hallands län","SE",799,38844,0.0205694573164453,">0.02"
"963","DEA1E","Viersen","DE",387,18920,0.0204545454545455,">0.02"
"964","DEF0C","Schleswig-Flensburg","DE",1051,51388,0.0204522456604655,">0.02"
"965","DE264","Aschaffenburg, Landkreis","DE",118,5782,0.0204081632653061,">0.02"
"966","DEB1A","Rhein-Lahn-Kreis","DE",186,9148,0.0203323130738959,">0.02"
"967","ES112","Lugo","ES",116,5720,0.0202797202797203,">0.02"
"968","SI043","Goriška","SI",87,4295,0.020256111757858,">0.02"
"969","ITI16","Livorno","IT",167,8293,0.0201374653322079,">0.02"
"970","DE803","Rostock, Kreisfreie Stadt","DE",364,18155,0.0200495731203525,">0.02"
"971","ES417","Soria","ES",68,3400,0.02,">0.02"
"972","CZ053","Pardubický kraj","CZ",450,22533,0.019970709625882,">0.01"
"973","ITI35","Fermo","IT",79,3964,0.0199293642785066,">0.01"
"974","ITC48","Pavia","IT",464,23315,0.0199013510615484,">0.01"
"975","DED45","Zwickau","DE",706,35518,0.0198772453403908,">0.01"
"976","DEB18","Neuwied","DE",269,13537,0.0198714633966167,">0.01"
"977","FR106","Seine-Saint-Denis","FR",2449,123754,0.0197892593370719,">0.01"
"978","DEG01","Erfurt, Kreisfreie Stadt","DE",965,48805,0.0197725642864461,">0.01"
"979","DEA27","Rhein-Erft-Kreis","DE",572,29023,0.0197085070461358,">0.01"
"980","ITH34","Treviso","IT",1185,60215,0.0196794818566802,">0.01"
"981","BE233","Arr. Eeklo","BE",254,12927,0.0196487970913592,">0.01"
"982","DEA5C","Unna","DE",639,32563,0.0196234990633541,">0.01"
"983","DE12B","Enzkreis","DE",247,12619,0.0195736587685237,">0.01"
"984","ITI11","Massa-Carrara","IT",105,5373,0.0195421552205472,">0.01"
"985","DE263","Würzburg, Kreisfreie Stadt","DE",796,40778,0.0195203295894845,">0.01"
"986","BG324","Разград (Razgrad)","BG",55,2829,0.0194414987628137,">0.01"
"987","EL643","Ευρυτανία (Evrytania)","EL",2,103,0.0194174757281553,">0.01"
"988","RO412","Gorj","RO",36,1854,0.0194174757281553,">0.01"
"989","BG425","Кърджали (Kardzhali)","BG",247,12722,0.0194151862914636,">0.01"
"990","DEA29","Heinsberg","DE",273,14130,0.0193205944798301,">0.01"
"991","DE262","Schweinfurt, Kreisfreie Stadt","DE",303,15737,0.0192539874181864,">0.01"
"992","FRA50","Mayotte","FR",70,3654,0.0191570881226054,">0.01"
"993","FRA30","Guyane","FR",152,8022,0.018947893293443,">0.01"
"994","FR826","Vaucluse","FR",2738,145357,0.0188363821487785,">0.01"
"995","DE942","Emden, Kreisfreie Stadt","DE",96,5101,0.0188198392472064,">0.01"
"996","DEA5B","Soest","DE",490,26143,0.0187430669777761,">0.01"
"997","AT331","Außerfern","AT",67,3581,0.0187098575816811,">0.01"
"998","DED2D","Görlitz","DE",255,13721,0.0185846512644851,">0.01"
"999","ITH43","Gorizia","IT",156,8398,0.0185758513931889,">0.01"
"1000","DE248","Forchheim","DE",30,1618,0.0185414091470952,">0.01"
"1001","SI035","Zasavska","SI",30,1618,0.0185414091470952,">0.01"
"1002","ITC31","Imperia","IT",99,5344,0.0185254491017964,">0.01"
"1003","DE258","Fürth, Landkreis","DE",18,972,0.0185185185185185,">0.01"
"1004","FR222","Oise","FR",2429,131516,0.0184692356823504,">0.01"
"1005","DE253","F?rth, Kreisfreie Stadt","DE",435,23557,0.018465848792291,">0.01"
"1006","FR824","Bouches-du-Rhône","FR",4840,262130,0.0184641208560638,">0.01"
"1007","ITF45","Lecce","IT",168,9101,0.0184595099439622,">0.01"
"1008","NL111","Oost-Groningen","NL",221,11987,0.0184366396930008,">0.01"
"1009","DEB3B","Alzey-Worms","DE",138,7515,0.0183632734530938,">0.01"
"1010","LV003","Kurzeme","LV",109,5941,0.0183470796162262,">0.01"
"1011","DEA38","Warendorf","DE",449,24625,0.0182335025380711,">0.01"
"1012","DE118","Heilbronn, Landkreis","DE",728,40142,0.0181356185541328,">0.01"
"1013","BE235","Arr. Oudenaarde","BE",384,21220,0.0180961357210179,">0.01"
"1014","DEA46","Minden-Lübbecke","DE",397,21940,0.0180948040109389,">0.01"
"1015","DEB37","Pirmasens, Kreisfreie Stadt","DE",62,3433,0.0180600058258083,">0.01"
"1016","AT124","Waldviertel","AT",128,7089,0.0180561433206376,">0.01"
"1017","DE94D","Oldenburg, Landkreis","DE",525,29131,0.0180220383783598,">0.01"
"1018","RO212","Botoşani","RO",34,1890,0.017989417989418,">0.01"
"1019","ITF31","Caserta","IT",193,10739,0.0179718782009498,">0.01"
"1020","DEF0F","Stormarn","DE",602,33538,0.017949788299839,">0.01"
"1021","AT111","Mittelburgenland","AT",17,953,0.0178384050367261,">0.01"
"1022","ITF35","Salerno","IT",222,12472,0.0177998717126363,">0.01"
"1023","ITH35","Venezia","IT",828,46548,0.0177880897138438,">0.01"
"1024","DEG09","Unstrut-Hainich-Kreis","DE",116,6535,0.0177505738332058,">0.01"
"1025","DEB3E","Germersheim","DE",147,8344,0.0176174496644295,">0.01"
"1026","DE146","Biberach","DE",265,15122,0.0175241370189128,">0.01"
"1027","DE124","Rastatt","DE",387,22151,0.0174709945374927,">0.01"
"1028","DE21K","Rosenheim, Landkreis","DE",170,9737,0.017459176337681,">0.01"
"1029","BG314","Плевен (Pleven)","BG",89,5113,0.0174066106004303,">0.01"
"1030","DEG0B","Schmalkalden-Meiningen","DE",204,11750,0.0173617021276596,">0.01"
"1031","DE948","Cloppenburg","DE",250,14486,0.0172580422476874,">0.01"
"1032","DE273","Kempten (Allgäu), Kreisfreie Stadt","DE",2,116,0.0172413793103448,">0.01"
"1033","LV009","Zemgale","LV",115,6676,0.0172258837627322,">0.01"
"1034","BG414","Перник (Pernik)","BG",40,2324,0.0172117039586919,">0.01"
"1035","DE944","Osnabrück, Kreisfreie Stadt","DE",680,39538,0.0171986443421519,">0.01"
"1036","ITF13","Pescara","IT",168,9774,0.0171884591774095,">0.01"
"1037","PL129","Warszawski wschodni","PL",1245,72540,0.0171629445822994,">0.01"
"1038","CZ071","Olomoucký kraj","CZ",411,24054,0.017086555250686,">0.01"
"1039","DE91B","Wolfenbüttel","DE",98,5757,0.0170227549070697,">0.01"
"1040","ITF14","Chieti","IT",178,10461,0.0170155816843514,">0.01"
"1041","DE145","Alb-Donau-Kreis","DE",284,16703,0.0170029336047417,">0.01"
"1042","DE731","Kassel, Kreisfreie Stadt","DE",921,54278,0.0169682007443163,">0.01"
"1043","FR615","Pyrénées-Atlantiques","FR",1694,100527,0.0168511942065316,">0.01"
"1044","DE266","Rhön-Grabfeld","DE",32,1900,0.0168421052631579,">0.01"
"1045","DE143","Zollernalbkreis","DE",319,18942,0.0168408826945412,">0.01"
"1046","DE931","Celle","DE",224,13319,0.016818079435393,">0.01"
"1047","DE932","Cuxhaven","DE",141,8407,0.0167717378375164,">0.01"
"1048","ITF12","Teramo","IT",160,9583,0.0166962329124491,">0.01"
"1049","ITG26","Nuoro","IT",62,3715,0.0166890982503365,">0.01"
"1050","DEB24","Vulkaneifel","DE",95,5693,0.0166871596697699,">0.01"
"1051","DE26A","Main-Spessart","DE",78,4678,0.016673792218897,">0.01"
"1052","DE40C","Oder-Spree","DE",161,9657,0.0166718442580512,">0.01"
"1053","FR108","Val-d'Oise","FR",2998,180542,0.016605554386237,">0.01"
"1054","DEA57","Hochsauerlandkreis","DE",200,12080,0.0165562913907285,">0.01"
"1055","DE21J","Pfaffenhofen a. d. Ilm","DE",40,2420,0.0165289256198347,">0.01"
"1056","FR433","Haute-Saône","FR",1257,76102,0.0165173057212688,">0.01"
"1057","BE257","Arr. Tielt","BE",573,34949,0.0163953188932444,">0.01"
"1058","DEB3H","Südliche Weinstraße","DE",605,36967,0.0163659480076825,">0.01"
"1059","SE213","Kalmar län","SE",462,28290,0.0163308589607635,">0.01"
"1060","ITF22","Campobasso","IT",71,4380,0.0162100456621005,">0.01"
"1061","DEB33","Landau in der Pfalz, Kreisfreie Stadt","DE",40,2482,0.016116035455278,">0.01"
"1062","DE134","Ortenaukreis","DE",636,39603,0.0160593894401939,">0.01"
"1063","ITH36","Padova","IT",828,51583,0.0160518000116317,">0.01"
"1064","DE80M","Nordwestmecklenburg","DE",130,8103,0.0160434407009749,">0.01"
"1065","FR107","Val-de-Marne","FR",2419,151160,0.016002910822969,">0.01"
"1066","DEA58","Märkischer Kreis","DE",475,29753,0.015964776661177,">0.01"
"1067","DEA43","Herford","DE",428,26941,0.0158865669425782,">0.01"
"1068","ITI13","Pistoia","IT",103,6503,0.0158388436106412,">0.01"
"1069","DEA1F","Wesel","DE",466,29494,0.0157998236929545,">0.01"
"1070","DEB3I","Rhein-Pfalz-Kreis","DE",172,10893,0.0157899568530249,">0.01"
"1071","DEG05","Weimar, Kreisfreie Stadt","DE",113,7164,0.0157733109994417,">0.01"
"1072","DE94F","Vechta","DE",162,10362,0.0156340474811812,">0.01"
"1073","DEB3G","Kusel","DE",50,3205,0.015600624024961,">0.01"
"1074","FR104","Essonne","FR",2757,177153,0.015562818580549,">0.01"
"1075","ITC4A","Cremona","IT",314,20311,0.0154596031706957,">0.01"
"1076","FR814","Lozère","FR",132,8567,0.0154079607797362,">0.01"
"1077","DEA2A","Oberbergischer Kreis","DE",230,14982,0.0153517554398612,">0.01"
"1078","DE256","Ansbach, Landkreis","DE",76,4956,0.0153349475383374,">0.01"
"1079","DEF01","Flensburg, Kreisfreie Stadt","DE",204,13449,0.0151684140084765,">0.01"
"1080","ITF32","Benevento","IT",64,4254,0.0150446638457922,">0.01"
"1081","DEC06","St. Wendel","DE",27,1800,0.015,">0.01"
"1082","ES707","La Palma","ES",8,534,0.0149812734082397,">0.01"
"1083","ITC44","Sondrio","IT",99,6633,0.0149253731343284,">0.01"
"1084","DEB16","Cochem-Zell","DE",53,3560,0.0148876404494382,">0.01"
"1085","DE947","Aurich","DE",201,13530,0.0148558758314856,">0.01"
"1086","ITI21","Perugia","IT",283,19055,0.0148517449488323,">0.01"
"1087","DE917","Helmstedt","DE",79,5330,0.0148217636022514,">0.01"
"1088","DE269","Miltenberg","DE",143,9676,0.0147788342290203,">0.01"
"1089","ITC4B","Mantova","IT",298,20182,0.0147656327420474,">0.01"
"1090","DEA37","Steinfurt","DE",552,37399,0.0147597529345704,">0.01"
"1091","DE26B","Schweinfurt, Landkreis","DE",84,5692,0.0147575544624034,">0.01"
"1092","DEE0B","Saalekreis","DE",482,32684,0.0147472769550851,">0.01"
"1093","DEE08","Burgenlandkreis","DE",162,10998,0.0147299509001637,">0.01"
"1094","FR221","Aisne","FR",1969,133688,0.0147283226617198,">0.01"
"1095","DE94A","Friesland (DE)","DE",107,7272,0.0147139713971397,">0.01"
"1096","DE11B","Main-Tauber-Kreis","DE",220,14964,0.0147019513499064,">0.01"
"1097","DEF0A","Plön","DE",84,5720,0.0146853146853147,">0.01"
"1098","CZ072","Zlínský kraj","CZ",266,18219,0.0146001427081618,">0.01"
"1099","DEG0F","Ilm-Kreis","DE",217,14922,0.0145422865567618,">0.01"
"1100","FRA40","La Réunion","FR",4506,310947,0.0144912155447713,">0.01"
"1101","BG315","Ловеч (Lovech)","BG",21,1451,0.0144727773949001,">0.01"
"1102","DE405","Barnim","DE",128,8849,0.0144649112894112,">0.01"
"1103","DE94E","Osnabrück, Landkreis","DE",376,26038,0.0144404332129964,">0.01"
"1104","DE136","Schwarzwald-Baar-Kreis","DE",298,20738,0.0143697560034719,">0.01"
"1105","DE246","Bayreuth, Landkreis","DE",43,2996,0.0143524699599466,">0.01"
"1106","LT005","Panevėžio apskritis","LT",58,4052,0.0143139190523198,">0.01"
"1107","FR831","Corse-du-Sud","FR",363,25431,0.0142739176595494,">0.01"
"1108","LT001","Alytaus apskritis","LT",32,2244,0.0142602495543672,">0.01"
"1109","DEG02","Gera, Kreisfreie Stadt","DE",216,15225,0.0141871921182266,">0.01"
"1110","FR253","Orne","FR",789,55767,0.0141481521329819,">0.01"
"1111","DE27D","Donau-Ries","DE",46,3260,0.0141104294478528,">0.01"
"1112","DE11A","Schwäbisch Hall","DE",385,27351,0.0140762677781434,">0.01"
"1113","DEE02","Halle (Saale), Kreisfreie Stadt","DE",391,27858,0.0140354655754182,">0.01"
"1114","ES419","Zamora","ES",51,3646,0.0139879319802523,">0.01"
"1115","DE221","Landshut, Kreisfreie Stadt","DE",236,16887,0.0139752472315983,">0.01"
"1116","DED2C","Bautzen","DE",375,26864,0.0139592019058964,">0.01"
"1117","DE239","Schwandorf","DE",101,7240,0.0139502762430939,">0.01"
"1118","BE351","Arr. Dinant","BE",57,4097,0.0139126189895045,">0.01"
"1119","DE933","Harburg","DE",170,12271,0.0138538016461576,">0.01"
"1120","ITC46","Bergamo","IT",1126,81406,0.0138319042822396,">0.01"
"1121","DED52","Leipzig","DE",301,21845,0.0137788967727169,">0.01"
"1122","BG334","Търговище (Targovishte)","BG",44,3203,0.0137371214486419,">0.01"
"1123","DE279","Neu-Ulm","DE",177,12944,0.0136742892459827,">0.01"
"1124","DEA35","Coesfeld","DE",1663,122173,0.0136118454977777,">0.01"
"1125","DEB1B","Westerwaldkreis","DE",224,16533,0.0135486602552471,">0.01"
"1126","DE261","Aschaffenburg, Kreisfreie Stadt","DE",212,15654,0.0135428644435927,">0.01"
"1127","ITH51","Piacenza","IT",305,22552,0.0135242993969493,">0.01"
"1128","","","FR",56787,4208340,0.0134939192175537,">0.01"
"1129","DE21M","Traunstein","DE",111,8244,0.0134643377001456,">0.01"
"1130","SE322","Jämtlands län","SE",201,14953,0.0134421186384003,">0.01"
"1131","DEE07","Börde","DE",206,15386,0.0133887950084492,">0.01"
"1132","DE23A","Tirschenreuth","DE",21,1569,0.0133843212237094,">0.01"
"1133","DE403","Frankfurt (Oder), Kreisfreie Stadt","DE",5,374,0.0133689839572193,">0.01"
"1134","DE941","Delmenhorst, Kreisfreie Stadt","DE",87,6509,0.013366108465202,">0.01"
"1135","SE214","Gotlands län","SE",85,6362,0.0133605784344546,">0.01"
"1136","DEC03","Neunkirchen","DE",30,2255,0.0133037694013304,">0.01"
"1137","FR614","Lot-et-Garonne","FR",1069,80405,0.0132951930850072,">0.01"
"1138","PL117","Skierniewicki","PL",606,46017,0.0131690462220484,">0.01"
"1139","DE937","Rotenburg (Wümme)","DE",143,10860,0.0131675874769797,">0.01"
"1140","ITH58","Forlì-Cesena","IT",314,23887,0.0131452254364299,">0.01"
"1141","DE24C","Lichtenfels","DE",9,685,0.0131386861313869,">0.01"
"1142","ITG15","Caltanissetta","IT",26,1984,0.0131048387096774,">0.01"
"1143","DE736","Waldeck-Frankenberg","DE",68,5197,0.01308447181066,">0.01"
"1144","DE80J","Mecklenburgische Seenplatte","DE",227,17389,0.0130542296854333,">0.01"
"1145","DEE05","Anhalt-Bitterfeld","DE",179,13717,0.013049500619669,">0.01"
"1146","DE137","Tuttlingen","DE",238,18275,0.0130232558139535,">0.01"
"1147","AT123","Sankt Pölten","AT",59,4575,0.012896174863388,">0.01"
"1148","FR232","Seine-Maritime","FR",2249,174557,0.0128840436075322,">0.01"
"1149","DE936","Osterholz","DE",87,6753,0.0128831630386495,">0.01"
"1150","DE12C","Freudenstadt","DE",132,10300,0.0128155339805825,">0.01"
"1151","ES411","Ávila","ES",28,2188,0.0127970749542962,">0.01"
"1152","DE13A","Waldshut","DE",106,8339,0.0127113562777311,">0.01"
"1153","DE724","Marburg-Biedenkopf","DE",96,7574,0.012674940586216,">0.01"
"1154","DE119","Hohenlohekreis","DE",176,13953,0.0126137748154519,">0.01"
"1155","AT226","Westliche Obersteiermark","AT",49,3890,0.0125964010282776,">0.01"
"1156","BG415","Кюстендил (Kyustendil)","BG",26,2066,0.0125847047434656,">0.01"
"1157","ITF63","Catanzaro","IT",61,4931,0.012370715879132,">0.01"
"1158","BE331","Arr. Huy","BE",60,4869,0.0123228589032656,">0.01"
"1159","FR103","Yvelines","FR",3709,301224,0.012313095902053,">0.01"
"1160","DE40I","Uckermark","DE",71,5824,0.0121909340659341,">0.01"
"1161","DE922","Diepholz","DE",157,12978,0.0120973955925412,">0.01"
"1162","DE93A","Uelzen","DE",65,5378,0.0120862774265526,">0.01"
"1163","ITI15","Prato","IT",119,9863,0.0120652945351313,">0.01"
"1164","DE268","Kitzingen","DE",89,7388,0.0120465619924201,">0.01"
"1165","BE258","Arr. Veurne","BE",165,13742,0.0120069858826954,">0.01"
"1166","DE241","Bamberg, Kreisfreie Stadt","DE",211,17594,0.0119927247925429,">0.01"
"1167","DE916","Goslar","DE",109,9100,0.011978021978022,">0.01"
"1168","DEB19","Rhein-Hunsrück-Kreis","DE",82,6865,0.0119446467589221,">0.01"
"1169","DEB39","Worms, Kreisfreie Stadt","DE",138,11555,0.0119428818693206,">0.01"
"1170","DEA5A","Siegen-Wittgenstein","DE",84,7050,0.0119148936170213,">0.01"
"1171","DE229","Regen","DE",53,4453,0.0119020884796766,">0.01"
"1172","DE733","Hersfeld-Rotenburg","DE",29,2438,0.0118949958982773,">0.01"
"1173","DE732","Fulda","DE",270,22732,0.0118775294738694,">0.01"
"1174","DEA59","Olpe","DE",215,18179,0.0118268331591397,">0.01"
"1175","DEG07","Nordhausen","DE",125,10638,0.0117503290092123,">0.01"
"1176","FR716","Rhône","FR",8691,739791,0.0117479125861223,">0.01"
"1177","DEG0H","Sonneberg","DE",47,4005,0.0117353308364544,">0.01"
"1178","DEG0C","Gotha","DE",186,15961,0.0116534051751143,">0.01"
"1179","DE40B","Oberspreewald-Lausitz","DE",111,9569,0.0115999581983488,">0.01"
"1180","DED2F","Sächsische Schweiz-Osterzgebirge","DE",233,20242,0.0115107202845569,">0.01"
"1181","FR811","Aude","FR",517,44919,0.0115096061800129,">0.01"
"1182","DE127","Neckar-Odenwald-Kreis","DE",77,6824,0.0112837045720985,">0.01"
"1183","BG322","Габрово (Gabrovo)","BG",55,4896,0.011233660130719,">0.01"
"1184","DEA34","Borken","DE",236,21027,0.0112236648119085,">0.01"
"1185","DE222","Passau, Kreisfreie Stadt","DE",133,11903,0.0111736537007477,">0.01"
"1186","FR621","Ariège","FR",213,19139,0.0111291081038717,">0.01"
"1187","DE244","Hof, Kreisfreie Stadt","DE",75,6744,0.0111209964412811,">0.01"
"1188","DEA44","Höxter","DE",82,7388,0.0110990795885219,">0.01"
"1189","EE007","Kirde-Eesti","EE",38,3430,0.0110787172011662,">0.01"
"1190","DE25B","Roth","DE",37,3359,0.0110151830902054,">0.01"
"1191","ITI33","Macerata","IT",114,10370,0.01099324975892,">0.01"
"1192","DE80N","Vorpommern-Greifswald","DE",102,9297,0.0109712810584059,">0.01"
"1193","DE804","Schwerin, Kreisfreie Stadt","DE",113,10300,0.0109708737864078,">0.01"
"1194","DE235","Cham","DE",47,4313,0.010897287271041,">0.01"
"1195","DEG0D","Sömmerda","DE",77,7078,0.010878779316191,">0.01"
"1196","DE94C","Leer","DE",109,10032,0.0108652312599681,">0.01"
"1197","ITH42","Udine","IT",371,34357,0.0107983816980528,">0.01"
"1198","DE236","Neumarkt i. d. OPf.","DE",11,1028,0.0107003891050584,">0.01"
"1199","DE40F","Prignitz","DE",76,7105,0.0106966924700915,">0.01"
"1200","FR301","Nord","FR",3880,364279,0.0106511767079629,">0.01"
"1201","DE249","Hof, Landkreis","DE",20,1878,0.0106496272630458,">0.01"
"1202","DEA45","Lippe","DE",503,47269,0.0106412236349404,">0.01"
"1203","FR624","Gers","FR",294,27630,0.0106406080347448,">0.01"
"1204","DED43","Mittelsachsen","DE",245,23064,0.0106226153312522,">0.01"
"1205","DEF08","Ostholstein","DE",142,13464,0.0105466428995841,">0.01"
"1206","ITH56","Ferrara","IT",185,17542,0.0105461178884962,">0.01"
"1207","DEG0M","Altenburger Land","DE",74,7025,0.0105338078291815,">0.01"
"1208","FR821","Alpes-de-Haute-Provence","FR",185,17613,0.010503605291546,">0.01"
"1209","FR246","Loiret","FR",1107,105487,0.0104941841174742,">0.01"
"1210","PL637","Chojnicki","PL",78,7482,0.0104250200481155,">0.01"
"1211","DE407","Elbe-Elster","DE",47,4512,0.0104166666666667,">0.01"
"1212","AT212","Oberkärnten","AT",31,2982,0.0103957075788062,">0.01"
"1213","DEE06","Jerichower Land","DE",75,7250,0.0103448275862069,">0.01"
"1214","DE923","Hameln-Pyrmont","DE",77,7459,0.0103230996112079,">0.01"
"1215","DE94B","Grafschaft Bentheim","DE",97,9484,0.0102277520033741,">0.01"
"1216","BG311","Видин (Vidin)","BG",18,1762,0.0102156640181612,">0.01"
"1217","FR511","Loire-Atlantique","FR",4264,418400,0.0101912045889101,">0.01"
"1218","DEE09","Harz","DE",137,13443,0.0101911775645317,">0.01"
"1219","FR532","Charente-Maritime","FR",660,64934,0.0101641666923338,">0.01"
"1220","DE737","Werra-Meißner-Kreis","DE",31,3062,0.0101241018941868,">0.01"
"1221","FR612","Gironde","FR",3834,379069,0.0101142536055441,">0.01"
"1222","AT224","Oststeiermark","AT",119,11767,0.0101130279595479,">0.01"
"1223","DE12A","Calw","DE",97,9593,0.0101115396643386,">0.01"
"1224","DEE0D","Stendal","DE",74,7327,0.0100996314999318,">0.01"
"1225","DE94H","Wittmund","DE",31,3074,0.0100845803513338,">0.01"
"1226","DEE0A","Mansfeld-Südharz","DE",64,6347,0.0100835040176461,">0.01"
"1227","DE259","Nürnberger Land","DE",29,2877,0.0100799443865137,">0.01"
"1228","DEG0J","Saale-Holzland-Kreis","DE",123,12218,0.0100671140939597,">0.01"
"1229","BG342","Сливен (Sliven)","BG",31,3092,0.010025873221216,">0.01"
"1230","DEG04","Suhl, Kreisfreie Stadt","DE",62,6215,0.00997586484312148,">0"
"1231","","","SI",27,2713,0.00995208256542573,">0"
"1232","FR622","Aveyron","FR",290,29212,0.00992742708475969,">0"
"1233","ITH53","Reggio nell'Emilia","IT",896,90286,0.00992401922778725,">0"
"1234","DEG0E","Hildburghausen","DE",76,7750,0.00980645161290323,">0"
"1235","FR531","Charente","FR",772,78944,0.00977908390758006,">0"
"1236","FR302","Pas-de-Calais","FR",1805,184988,0.00975738966851904,">0"
"1237","AT125","Weinviertel","AT",34,3488,0.00974770642201835,">0"
"1238","DEG0P","Wartburgkreis","DE",131,13508,0.00969795676636068,">0"
"1239","FR718","Haute-Savoie","FR",1730,179039,0.00966269918844498,">0"
"1240","FR724","Puy-de-Dôme","FR",996,103078,0.00966258561477716,">0"
"1241","SI033","Koroška","SI",24,2485,0.0096579476861167,">0"
"1242","DEG0N","Eisenach, Kreisfreie Stadt","DE",63,6538,0.00963597430406852,">0"
"1243","DE402","Cottbus, Kreisfreie Stadt","DE",127,13263,0.00957551081957325,">0"
"1244","DE927","Nienburg (Weser)","DE",33,3455,0.00955137481910275,">0"
"1245","LT009","Utenos apskritis","LT",17,1781,0.00954519932622122,">0"
"1246","DE277","Dillingen a.d. Donau","DE",8,839,0.00953516090584029,">0"
"1247","FR421","Bas-Rhin","FR",2658,280963,0.00946032039805953,">0"
"1248","DEF07","Nordfriesland","DE",72,7638,0.00942655145326002,">0"
"1249","LV008","Vidzeme","LV",60,6382,0.00940144155437167,">0"
"1250","FR714","Isère","FR",3410,363799,0.00937330778809178,">0"
"1251","DEG0G","Weimarer Land","DE",65,7027,0.00925003557705991,">0"
"1252","DE247","Coburg, Landkreis","DE",26,2811,0.00924937744574884,">0"
"1253","DE274","Memmingen, Kreisfreie Stadt","DE",121,13278,0.00911281819551137,">0"
"1254","FR414","Vosges","FR",1001,110286,0.00907640135647317,">0"
"1255","DE224","Deggendorf","DE",93,10269,0.00905638328951212,">0"
"1256","DED44","Vogtlandkreis","DE",132,14590,0.00904729266620973,">0"
"1257","DE27A","Lindau (Bodensee)","DE",14,1560,0.00897435897435897,">0"
"1258","FR263","Saône-et-Loire","FR",1088,121378,0.00896373313120994,">0"
"1259","FR252","Manche","FR",2015,226046,0.00891411482618582,">0"
"1260","DE223","Straubing, Kreisfreie Stadt","DE",92,10340,0.00889748549323017,">0"
"1261","ITC47","Brescia","IT",799,90039,0.00887393240706805,">0"
"1262","DE149","Sigmaringen","DE",126,14255,0.00883900385829534,">0"
"1263","DE255","Schwabach, Kreisfreie Stadt","DE",53,6050,0.0087603305785124,">0"
"1264","DE135","Rottweil","DE",113,12952,0.00872452130945028,">0"
"1265","FR722","Cantal","FR",109,12522,0.00870467976361604,">0"
"1266","FR231","Eure","FR",2520,290069,0.00868758812558391,">0"
"1267","DED2E","Meißen","DE",235,27111,0.00866806831175538,">0"
"1268","FRA20","Martinique","FR",141,16554,0.00851757883291047,">0"
"1269","FR723","Haute-Loire","FR",175,20571,0.00850712167614603,">0"
"1270","DE214","Altötting","DE",31,3653,0.00848617574596222,">0"
"1271","ITF34","Avellino","IT",43,5084,0.00845790715971676,">0"
"1272","DE22C","Dingolfing-Landau","DE",15,1812,0.00827814569536424,">0"
"1273","DEG0L","Greiz","DE",55,6684,0.00822860562537403,">0"
"1274","DEG06","Eichsfeld","DE",77,9390,0.00820021299254526,">0"
"1275","DE267","Haßberge","DE",15,1851,0.00810372771474878,">0"
"1276","FR626","Hautes-Pyrénées","FR",557,70197,0.00793481202900409,">0"
"1277","DEG0K","Saale-Orla-Kreis","DE",53,6682,0.00793175695899431,">0"
"1278","HU313","Nógrád","HU",58,7346,0.00789545330792268,">0"
"1279","FR241","Cher","FR",412,52371,0.00786694926581505,">0"
"1280","DE21G","Mühldorf a. Inn","DE",17,2168,0.00784132841328413,">0"
"1281","ITC43","Lecco","IT",157,20224,0.00776305379746835,">0"
"1282","FR264","Yonne","FR",547,70765,0.00772980993428955,">0"
"1283","DE946","Ammerland","DE",103,13436,0.0076659720154808,">0"
"1284","DE27C","Unterallgäu","DE",59,7709,0.00765339213905824,">0"
"1285","BE252","Arr. Diksmuide","BE",67,8980,0.00746102449888641,">0"
"1286","FR244","Indre-et-Loire","FR",879,117843,0.00745907690741071,">0"
"1287","DE25C","Weißenburg-Gunzenhausen","DE",5,672,0.00744047619047619,">0"
"1288","BE343","Arr. Marche-en-Famenne","BE",16,2173,0.00736309249884952,">0"
"1289","DE934","Lüchow-Dannenberg","DE",4,555,0.00720720720720721,">0"
"1290","FR102","Seine-et-Marne","FR",1081,150910,0.00716320986018157,">0"
"1291","FR223","Somme","FR",1503,211061,0.00712116402367088,">0"
"1292","DE713","Offenbach am Main, Kreisfreie Stadt","DE",12,1697,0.00707130229817325,">0"
"1293","FR712","Ardèche","FR",487,68998,0.00705817559929273,">0"
"1294","FR213","Marne","FR",516,73445,0.00702566546395262,">0"
"1295","FR242","Eure-et-Loir","FR",325,47595,0.00682844836642504,">0"
"1296","ITF21","Isernia","IT",13,1915,0.00678851174934726,">0"
"1297","FR434","Territoire de Belfort","FR",589,87385,0.00674028723465126,">0"
"1298","FR825","Var","FR",920,136849,0.00672273820049836,">0"
"1299","FR633","Haute-Vienne","FR",317,47222,0.00671297276693067,">0"
"1300","DEE01","Dessau-Roßlau, Kreisfreie Stadt","DE",49,7332,0.00668303327877796,">0"
"1301","FR721","Allier","FR",203,30383,0.00668136787019057,">0"
"1302","FR214","Haute-Marne","FR",147,22056,0.00666485310119695,">0"
"1303","DE272","Kaufbeuren, Kreisfreie Stadt","DE",42,6306,0.00666032350142721,">0"
"1304","AT313","Mühlviertel","AT",52,7839,0.0066334991708126,">0"
"1305","EE006","Kesk-Eesti","EE",29,4383,0.00661647273556924,">0"
"1306","ITC13","Biella","IT",56,8573,0.0065321357751079,">0"
"1307","BG313","Враца (Vratsa)","BG",31,4858,0.00638122684232194,">0"
"1308","DE21D","Garmisch-Partenkirchen","DE",26,4102,0.00633837152608484,">0"
"1309","DEE04","Altmarkkreis Salzwedel","DE",5,791,0.00632111251580278,">0"
"1310","FR212","Aube","FR",159,25222,0.00630402029973832,">0"
"1311","FR522","Finistère","FR",904,144293,0.00626503018164429,">0"
"1312","FR523","Ille-et-Vilaine","FR",1310,220584,0.00593878069125594,">0"
"1313","FRA10","Guadeloupe","FR",69,11725,0.00588486140724947,">0"
"1314","FR261","Côte-d'Or","FR",768,131823,0.00582599394642816,">0"
"1315","AT113","Südburgenland","AT",18,3091,0.0058233581365254,">0"
"1316","DEB36","Neustadt an der Weinstra?e, Kreisfreie Stadt","DE",14,2436,0.00574712643678161,">0"
"1317","FR243","Indre","FR",344,60021,0.00573132736875427,">0"
"1318","LT008","Telšių apskritis","LT",14,2443,0.00573065902578797,">0"
"1319","ITG11","Trapani","IT",19,3345,0.00568011958146487,">0"
"1320","RO315","Ialomiţa","RO",4,709,0.00564174894217207,">0"
"1321","FR524","Morbihan","FR",786,139782,0.0056230415933382,">0"
"1322","HU999","Budapest ker","HU",1,178,0.00561797752808989,">0"
"1323","FR711","Ain","FR",342,61151,0.00559271311998168,">0"
"1324","FR422","Haut-Rhin","FR",717,128395,0.00558432960785077,">0"
"1325","FR611","Dordogne","FR",196,35230,0.00556344024978711,">0"
"1326","FR521","Côtes-d'Armor","FR",468,84650,0.00552864737152983,">0"
"1327","FR412","Meuse","FR",70,12879,0.00543520459663017,">0"
"1328","AT334","Tiroler Oberland","AT",30,5666,0.00529474055771267,">0"
"1329","DEE0E","Wittenberg","DE",43,8155,0.0052728387492336,">0"
"1330","FR632","Creuse","FR",72,13812,0.0052128583840139,">0"
"1331","FR431","Doubs","FR",888,171739,0.00517063683845836,">0"
"1332","FR812","Gard","FR",423,82540,0.00512478798158469,">0"
"1333","FR251","Calvados","FR",768,156665,0.00490217981042352,">0"
"1334","LT007","Tauragės apskritis","LT",6,1229,0.0048820179007323,">0"
"1335","FR514","Sarthe","FR",482,98808,0.00487814751841956,">0"
"1336","FR211","Ardennes","FR",214,43913,0.00487327215175461,">0"
"1337","FR717","Savoie","FR",1573,325708,0.0048294791653874,">0"
"1338","ITI1A","Grosseto","IT",17,3557,0.00477930840596008,">0"
"1339","FR628","Tarn-et-Garonne","FR",205,43457,0.00471730676300711,">0"
"1340","DE226","Kelheim","DE",12,2551,0.00470403763230106,">0"
"1341","DE215","Berchtesgadener Land","DE",10,2151,0.00464900046490005,">0"
"1342","FR534","Vienne","FR",390,84894,0.00459396423775532,">0"
"1343","ITG2C","Carbonia-Iglesias","IT",7,1552,0.00451030927835052,">0"
"1344","DE27B","Ostallgäu","DE",19,4291,0.0044278722908413,">0"
"1345","FR245","Loir-et-Cher","FR",302,69095,0.00437079383457558,">0"
"1346","DE22A","Rottal-Inn","DE",6,1389,0.00431965442764579,">0"
"1347","BE353","Arr. Philippeville","BE",7,1683,0.0041592394533571,">0"
"1348","FR627","Tarn","FR",230,58474,0.00393337209700038,">0"
"1349","LV007","Pierīga","LV",43,11478,0.00374629726433177,">0"
"1350","LT004","Marijampolės apskritis","LT",7,1900,0.00368421052631579,">0"
"1351","FR515","Vendée","FR",499,137735,0.00362289904526809,">0"
"1352","DE40G","Spree-Neiße","DE",66,18553,0.00355737616557969,">0"
"1353","ITI34","Ascoli Piceno","IT",19,5461,0.0034792162607581,">0"
"1354","FR713","Drôme","FR",205,59159,0.00346523774911679,">0"
"1355","FR715","Loire","FR",1087,314943,0.00345141819313336,">0"
"1356","DE238","Regensburg, Landkreis","DE",15,4395,0.00341296928327645,">0"
"1357","FR631","Corrèze","FR",58,17945,0.0032320980774589,">0"
"1358","ITG2A","Ogliastra","IT",4,1338,0.00298953662182362,">0"
"1359","DE231","Amberg, Kreisfreie Stadt","DE",23,7967,0.0028869084975524,">0"
"1360","FR512","Maine-et-Loire","FR",235,82206,0.00285867211639053,">0"
"1361","PL427","Szczecinecko-pyrzycki","PL",518,189818,0.00272892981698258,">0"
"1362","FR513","Mayenne","FR",113,53723,0.00210338216406381,">0"
"1363","AT321","Lungau","AT",2,976,0.00204918032786885,">0"
"1364","AT222","Liezen","AT",8,4514,0.00177226406734603,">0"
"1365","DE225","Freyung-Grafenau","DE",1,939,0.00106496272630458,">0"
"1366","ITG2B","Medio Campidano","IT",1,1066,0.000938086303939962,">0"
"1367","DE233","Weiden i. d. Opf,Kreisfreie Stadt","DE",NA,16,0,">0"
"1368","DE24D","Wunsiedel i. Fichtelgebirge","DE",NA,196,0,">0"
"1369","DE401","Brandenburg an der Havel, Kreisfreie Stadt","DE",NA,8,0,">0"
"1370","DE943","Oldenburg (Oldenburg), Kreisfreie Stadt","DE",NA,23,0,">0"
"1371","ES706","La Gomera","ES",NA,187,0,">0"
