,nuts3_id,nuts3,country_id,prop,catprop
1,UKI75,Hounslow and Richmond upon Thames,UK,0.08528329,>0.08
2,UKM61,Caithness & Sutherland and Ross & Cromarty,UK,0.051091503,>0.05
3,UKM27,Perth & Kinross and Stirling,UK,0.048992612,>0.04
4,DEB36,"Neustadt an der Weinstra?e, Kreisfreie Stadt",DE,0.043322937,>0.04
5,DE934,Lüchow-Dannenberg,DE,0.040420637,>0.04
6,UKM65,Orkney Islands,UK,0.040010215,>0.04
7,DE24A,Kronach,DE,0.039158667,>0.03
8,DE258,"Fürth, Landkreis",DE,0.038455424,>0.03
9,DE25C,Weißenburg-Gunzenhausen,DE,0.038173574,>0.03
10,UKI53,Redbridge and Waltham Forest,UK,0.036843373,>0.03
11,UKM33,East Ayrshire and North Ayrshire mainland,UK,0.035655401,>0.03
12,UKL13,Conwy and Denbighshire,UK,0.035565717,>0.03
13,UKI44,Lewisham and Southwark,UK,0.035376942,>0.03
14,UKJ26,East Surrey,UK,0.035021392,>0.03
15,UKJ34,Isle of Wight,UK,0.034536394,>0.03
16,DE267,Haßberge,DE,0.03371653,>0.03
17,UKM66,Shetland Islands,UK,0.032948831,>0.03
18,DEB3A,"Zweibrücken, Kreisfreie Stadt",DE,0.032767625,>0.03
19,UKK42,Torbay,UK,0.032754251,>0.03
20,DE211,"Ingolstadt, Kreisfreie Stadt",DE,0.031456382,>0.03
21,UKN02,Outer Belfast,UK,0.030815419,>0.03
22,UKK12,"Bath and North East Somerset, North Somerset and South Gloucestershire",UK,0.030740825,>0.03
23,UKH21,Luton,UK,0.030319532,>0.03
24,DE913,"Wolfsburg, Kreisfreie Stadt",DE,0.030096024,>0.03
25,UKD11,West Cumbria,UK,0.030045672,>0.03
26,UKK11,"Bristol, City of",UK,0.029756109,>0.02
27,DE276,"Augsburg, Landkreis",DE,0.02938186,>0.02
28,DE253,"F?rth, Kreisfreie Stadt",DE,0.029247005,>0.02
29,UKD37,Greater Manchester North East,UK,0.029146422,>0.02
30,UKH35,West Essex,UK,0.029107896,>0.02
31,UKL24,Powys,UK,0.029012232,>0.02
32,UKH32,Thurrock,UK,0.028995655,>0.02
33,UKJ25,West Surrey,UK,0.02895157,>0.02
34,UKL17,Bridgend and Neath Port Talbot,UK,0.028917283,>0.02
35,DEA33,"Münster, Kreisfreie Stadt",DE,0.028806713,>0.02
36,DEA59,Olpe,DE,0.02860962,>0.02
37,UKH11,Peterborough,UK,0.028606868,>0.02
38,UKK14,Swindon,UK,0.028421905,>0.02
39,UKJ31,Portsmouth,UK,0.028351818,>0.02
40,UKJ28,West Sussex (North East),UK,0.028219362,>0.02
41,UKG37,Sandwell,UK,0.028062531,>0.02
42,UKD35,Greater Manchester South East,UK,0.027992963,>0.02
43,DEB35,"Mainz, Kreisfreie Stadt",DE,0.02798332,>0.02
44,UKM31,"East Dunbartonshire, West Dunbartonshire and Helensburgh & Lomond",UK,0.027764391,>0.02
45,UKM36,North Lanarkshire,UK,0.027712904,>0.02
46,DE272,"Kaufbeuren, Kreisfreie Stadt",DE,0.02747073,>0.02
47,UKI72,Brent,UK,0.027397142,>0.02
48,UKJ12,Milton Keynes,UK,0.02715771,>0.02
49,UKH34,Essex Haven Gateway,UK,0.027146517,>0.02
50,UKJ32,Southampton,UK,0.027091136,>0.02
51,UKI62,Croydon,UK,0.026911691,>0.02
52,UKK41,Plymouth,UK,0.026868663,>0.02
53,UKM34,Glasgow City,UK,0.026833202,>0.02
54,UKI54,Enfield,UK,0.026630317,>0.02
55,UKM26,Falkirk,UK,0.026472019,>0.02
56,UKI61,Bromley,UK,0.026333614,>0.02
57,UKL18,Swansea,UK,0.026267839,>0.02
58,UKL22,Cardiff and Vale of Glamorgan,UK,0.026249597,>0.02
59,UKE13,North and North East Lincolnshire,UK,0.026195769,>0.02
60,UKE45,Wakefield,UK,0.026014122,>0.02
61,UKM63,"Lochaber, Skye & Lochalsh, Arran & Cumbrae and Argyll & Bute",UK,0.025993889,>0.02
62,UKD61,Warrington,UK,0.025941884,>0.02
63,DE25B,Roth,DE,0.025915707,>0.02
64,UKI71,Barnet,UK,0.025878796,>0.02
65,UKC12,South Teesside,UK,0.02564906,>0.02
66,UKH24,Bedford,UK,0.025585625,>0.02
67,DEA19,"Solingen, Kreisfreie Stadt",DE,0.025570577,>0.02
68,UKE42,Leeds,UK,0.025566847,>0.02
69,UKJ41,Medway,UK,0.025537622,>0.02
70,UKM25,"Edinburgh, City of",UK,0.025514322,>0.02
71,UKM23,East Lothian and Midlothian,UK,0.025457253,>0.02
72,UKG31,Birmingham,UK,0.025444832,>0.02
73,UKJ22,East Sussex CC,UK,0.02544304,>0.02
74,UKD71,East Merseyside,UK,0.025421093,>0.02
75,UKI45,Lambeth,UK,0.025360116,>0.02
76,UKJ11,Berkshire,UK,0.025345277,>0.02
77,DE278,Günzburg,DE,0.025300868,>0.02
78,UKD42,Blackpool,UK,0.025261382,>0.02
79,UKG24,Staffordshire CC,UK,0.025258982,>0.02
80,UKM35,"Inverclyde, East Renfrewshire and Renfrewshire",UK,0.025224271,>0.02
81,DEA53,"Hagen, Kreisfreie Stadt",DE,0.025211164,>0.02
82,DE911,"Braunschweig, Kreisfreie Stadt",DE,0.025193808,>0.02
83,UKD63,Cheshire West and Chester,UK,0.025057926,>0.02
84,UKH16,North and West Norfolk,UK,0.025056,>0.02
85,UKM62,"Inverness & Nairn and Moray, Badenoch & Strathspey",UK,0.025036069,>0.02
86,DE71A,Main-Taunus-Kreis,DE,0.024856392,>0.02
87,DE131,"Freiburg im Breisgau, Stadtkreis",DE,0.02483035,>0.02
88,DE114,Göppingen,DE,0.024764814,>0.02
89,DE94F,Vechta,DE,0.024729951,>0.02
90,UKF16,South Nottinghamshire,UK,0.024559292,>0.02
91,UKL23,Flintshire and Wrexham,UK,0.024422527,>0.02
92,DE923,Hameln-Pyrmont,DE,0.024355084,>0.02
93,UKF21,Leicester,UK,0.024343773,>0.02
94,DE219,Eichstätt,DE,0.024338199,>0.02
95,UKC21,Northumberland,UK,0.02433572,>0.02
96,UKE21,York,UK,0.024305073,>0.02
97,UKC13,Darlington,UK,0.024287646,>0.02
98,DEA42,Gütersloh,DE,0.024228129,>0.02
99,UKE31,"Barnsley, Doncaster and Rotherham",UK,0.024197004,>0.02
100,FR214,Haute-Marne,FR,0.02405768,>0.02
101,DEF05,Dithmarschen,DE,0.023923644,>0.02
102,DEB33,"Landau in der Pfalz, Kreisfreie Stadt",DE,0.023823433,>0.02
103,UKF15,North Nottinghamshire,UK,0.023808201,>0.02
104,UKH15,Norwich and East Norfolk,UK,0.023804666,>0.02
105,FR412,Meuse,FR,0.023800652,>0.02
106,UKN05,West and South of Northern Ireland,UK,0.023778636,>0.02
107,UKJ45,Mid Kent,UK,0.023712688,>0.02
108,DE21J,Pfaffenhofen a. d. Ilm,DE,0.023652784,>0.02
109,DE24C,Lichtenfels,DE,0.02360114,>0.02
110,UKC23,Sunderland,UK,0.023564514,>0.02
111,UKM32,Dumfries & Galloway,UK,0.0235083,>0.02
112,UKI51,Bexley and Greenwich,UK,0.023483582,>0.02
113,UKI73,Ealing,UK,0.02342753,>0.02
114,UKG33,Coventry,UK,0.023418732,>0.02
115,DE94B,Grafschaft Bentheim,DE,0.02336767,>0.02
116,DE227,"Landshut, Landkreis",DE,0.023365478,>0.02
117,UKD74,Wirral,UK,0.023277847,>0.02
118,DE714,"Wiesbaden, Kreisfreie Stadt",DE,0.02319802,>0.02
119,DE262,"Schweinfurt, Kreisfreie Stadt",DE,0.023192261,>0.02
120,UKM28,West Lothian,UK,0.023160321,>0.02
121,DEA17,"Oberhausen, Kreisfreie Stadt",DE,0.02306129,>0.02
122,DEB15,Birkenfeld,DE,0.023053096,>0.02
123,UKJ21,Brighton and Hove,UK,0.023044427,>0.02
124,UKD33,Manchester,UK,0.023029833,>0.02
125,UKJ35,South Hampshire,UK,0.023003144,>0.02
126,DE21H,"München, Landkreis",DE,0.022972157,>0.02
127,UKD73,Sefton,UK,0.02293677,>0.02
128,DE927,Nienburg (Weser),DE,0.022914822,>0.02
129,UKJ43,Kent Thames Gateway,UK,0.022909708,>0.02
130,DE26C,"Würzburg, Landkreis",DE,0.022890115,>0.02
131,DEB19,Rhein-Hunsrück-Kreis,DE,0.022786755,>0.02
132,UKM22,Clackmannanshire and Fife,UK,0.022784813,>0.02
133,UKH12,Cambridgeshire CC,UK,0.022750284,>0.02
134,UKK22,Dorset CC,UK,0.022653352,>0.02
135,UKJ13,Buckinghamshire CC,UK,0.022638915,>0.02
136,UKL14,South West Wales,UK,0.02254595,>0.02
137,UKF11,Derby,UK,0.022511549,>0.02
138,UKG39,Wolverhampton,UK,0.02248206,>0.02
139,DEA41,"Bielefeld, Kreisfreie Stadt",DE,0.022477681,>0.02
140,UKJ46,West Kent,UK,0.022471767,>0.02
141,UKH17,Breckland and South Norfolk,UK,0.022435099,>0.02
142,DE945,"Wilhelmshaven, Kreisfreie Stadt",DE,0.022424541,>0.02
143,DEA1C,Mettmann,DE,0.022341122,>0.02
144,UKH23,Hertfordshire,UK,0.022282773,>0.02
145,UKG13,Warwickshire,UK,0.022268866,>0.02
146,UKC14,Durham CC,UK,0.022259785,>0.02
147,UKG22,Shropshire CC,UK,0.022124384,>0.02
148,DEA54,"Hamm, Kreisfreie Stadt",DE,0.022101738,>0.02
149,DE937,Rotenburg (Wümme),DE,0.022012351,>0.02
150,UKI74,Harrow and Hillingdon,UK,0.021821652,>0.02
151,UKH31,Southend-on-Sea,UK,0.021814699,>0.02
152,DE112,Böblingen,DE,0.021792987,>0.02
153,DE731,"Kassel, Kreisfreie Stadt",DE,0.021767151,>0.02
154,UKD34,Greater Manchester South West,UK,0.021747938,>0.02
155,UKJ14,Oxfordshire,UK,0.021719996,>0.02
156,DE24B,Kulmbach,DE,0.021570348,>0.02
157,DEA18,"Remscheid, Kreisfreie Stadt",DE,0.021544539,>0.02
158,DE144,"Ulm, Stadtkreis",DE,0.021500689,>0.02
159,DE71D,Rheingau-Taunus-Kreis,DE,0.021496195,>0.02
160,Dec-04,Saarlouis,DE,0.021490546,>0.02
161,DE217,Dachau,DE,0.021374516,>0.02
162,DE27E,Oberallgäu,DE,0.021359027,>0.02
163,UKL16,Gwent Valleys,UK,0.021337943,>0.02
164,FR632,Creuse,FR,0.021323941,>0.02
165,DE146,Biberach,DE,0.021288636,>0.02
166,DE213,"Rosenheim, Kreisfreie Stadt",DE,0.021285801,>0.02
167,UKE22,North Yorkshire CC,UK,0.021141248,>0.02
168,UKK15,Wiltshire CC,UK,0.021127317,>0.02
169,DE221,"Landshut, Kreisfreie Stadt",DE,0.021079108,>0.02
170,UKM38,South Lanarkshire,UK,0.021046904,>0.02
171,UKF14,Nottingham,UK,0.021028478,>0.02
172,DE212,"München, Kreisfreie Stadt",DE,0.020984342,>0.02
173,DE935,"Lüneburg, Landkreis",DE,0.020961326,>0.02
174,DE71E,Wetteraukreis,DE,0.020894668,>0.02
175,DE111,"Stuttgart, Stadtkreis",DE,0.020857596,>0.02
176,DE711,"Darmstadt, Kreisfreie Stadt",DE,0.020837732,>0.02
177,UKF24,West Northamptonshire,UK,0.020770264,>0.02
178,UKL15,Central Valleys,UK,0.02070776,>0.02
179,DE409,Märkisch-Oderland,DE,0.020700648,>0.02
180,UKL12,Gwynedd,UK,0.020685573,>0.02
181,UKI34,Wandsworth,UK,0.020639547,>0.02
182,UKJ27,West Sussex (South West),UK,0.020620425,>0.02
183,UKD12,East Cumbria,UK,0.020606201,>0.02
184,UKI31,Camden and City of London,UK,0.020586186,>0.02
185,UKF25,North Northamptonshire,UK,0.020579706,>0.02
186,UKF30,Lincolnshire,UK,0.020578651,>0.02
187,UKL21,Monmouthshire and Newport,UK,0.020572947,>0.02
188,DE941,"Delmenhorst, Kreisfreie Stadt",DE,0.020565822,>0.02
189,UKG21,Telford and Wrekin,UK,0.020557492,>0.02
190,UKE32,Sheffield,UK,0.020532822,>0.02
191,DE255,"Schwabach, Kreisfreie Stadt",DE,0.020516721,>0.02
192,FR622,Aveyron,FR,0.020435036,>0.02
193,DE21E,Landsberg am Lech,DE,0.020371338,>0.02
194,UKG23,Stoke-on-Trent,UK,0.020331408,>0.02
195,UKK23,Somerset,UK,0.020283566,>0.02
196,DE71C,"Offenbach, Landkreis",DE,0.020205812,>0.02
197,DE254,"Nürnberg, Kreisfreie Stadt",DE,0.020198233,>0.02
198,DE40E,Potsdam-Mittelmark,DE,0.020173473,>0.02
199,UKD46,East Lancashire,UK,0.020158971,>0.02
200,UKE41,Bradford,UK,0.020135916,>0.02
201,UKN03,East of Northern Ireland,UK,0.020132369,>0.02
202,DEA46,Minden-Lübbecke,DE,0.020129224,>0.02
203,UKM21,Angus and Dundee City,UK,0.020098474,>0.02
204,UKG32,Solihull,UK,0.020014302,>0.02
205,UKG12,Worcestershire,UK,0.019915912,>0.01
206,UKM37,South Ayrshire,UK,0.019897324,>0.01
207,UKF22,Leicestershire CC and Rutland,UK,0.019873032,>0.01
208,UKK13,Gloucestershire,UK,0.019838524,>0.01
209,DEA22,"Bonn, Kreisfreie Stadt",DE,0.019777797,>0.01
210,DE21C,Fürstenfeldbruck,DE,0.019733015,>0.01
211,UKF13,South and West Derbyshire,UK,0.019724716,>0.01
212,UKM50,Aberdeen City and Aberdeenshire,UK,0.019719457,>0.01
213,UKC22,Tyneside,UK,0.019683698,>0.01
214,DE929,Region Hannover,DE,0.019641665,>0.01
215,DE25A,Neustadt a. d. Aisch-Bad Windsheim,DE,0.019630753,>0.01
216,UKG38,Walsall,UK,0.019573488,>0.01
217,DE718,Hochtaunuskreis,DE,0.019537686,>0.01
218,DE12B,Enzkreis,DE,0.019509816,>0.01
219,DE914,Gifhorn,DE,0.019441222,>0.01
220,UKI32,Westminster,UK,0.019385162,>0.01
221,DE236,Neumarkt i. d. OPf.,DE,0.019218036,>0.01
222,DED52,Leipzig,DE,0.019194733,>0.01
223,DE22C,Dingolfing-Landau,DE,0.019155227,>0.01
224,UKI43,Haringey and Islington,UK,0.019153436,>0.01
225,UKH14,Suffolk,UK,0.019139489,>0.01
226,UKD47,Chorley and West Lancashire,UK,0.019079057,>0.01
227,DE252,"Erlangen, Kreisfreie Stadt",DE,0.019051482,>0.01
228,DEA43,Herford,DE,0.019031787,>0.01
229,DEA23,"Köln, Kreisfreie Stadt",DE,0.018997205,>0.01
230,DE925,Hildesheim,DE,0.018988274,>0.01
231,UKN04,North of Northern Ireland,UK,0.018932636,>0.01
232,DE248,Forchheim,DE,0.01891402,>0.01
233,UKJ37,North Hampshire,UK,0.018911478,>0.01
234,DE218,Ebersberg,DE,0.018905962,>0.01
235,DE712,"Frankfurt am Main, Kreisfreie Stadt",DE,0.018832551,>0.01
236,UKI33,Kensington & Chelsea and Hammersmith & Fulham,UK,0.018813737,>0.01
237,UKN01,Belfast,UK,0.018806445,>0.01
238,DE115,Ludwigsburg,DE,0.018792141,>0.01
239,DE21L,Starnberg,DE,0.018791242,>0.01
240,DEG0H,Sonneberg,DE,0.018734107,>0.01
241,UKI42,Tower Hamlets,UK,0.018713073,>0.01
242,UKI41,Hackney and Newham,UK,0.018686833,>0.01
243,DEA2B,Rheinisch-Bergischer Kreis,DE,0.018623227,>0.01
244,DEA38,Warendorf,DE,0.018621132,>0.01
245,UKJ44,East Kent,UK,0.018565688,>0.01
246,DEA11,"Düsseldorf, Kreisfreie Stadt",DE,0.018501634,>0.01
247,DE261,"Aschaffenburg, Kreisfreie Stadt",DE,0.018473321,>0.01
248,DEE03,"Magdeburg, Kreisfreie Stadt",DE,0.018457636,>0.01
249,UKD45,Mid Lancashire,UK,0.018445408,>0.01
250,DE231,"Amberg, Kreisfreie Stadt",DE,0.018431219,>0.01
251,UKK43,Devon CC,UK,0.018294441,>0.01
252,DE91B,Wolfenbüttel,DE,0.018285459,>0.01
253,DEB1B,Westerwaldkreis,DE,0.018239884,>0.01
254,DE21I,Neuburg-Schrobenhausen,DE,0.018234436,>0.01
255,FRA30,Guyane,FR,0.018199045,>0.01
256,DE148,Ravensburg,DE,0.018198343,>0.01
257,DE243,"Coburg, Kreisfreie Stadt",DE,0.018188598,>0.01
258,DEB23,Eifelkreis Bitburg-Prüm,DE,0.018138622,>0.01
259,DEA52,"Dortmund, Kreisfreie Stadt",DE,0.018086616,>0.01
260,FR815,Pyrénées-Orientales,FR,0.018061775,>0.01
261,DEA13,"Essen, Kreisfreie Stadt",DE,0.018037308,>0.01
262,UKM64,Eilean Siar (Western Isles),UK,0.017999545,>0.01
263,DEF02,"Kiel, Kreisfreie Stadt",DE,0.017971005,>0.01
264,UKG36,Dudley,UK,0.017957259,>0.01
265,DE216,Bad Tölz-Wolfratshausen,DE,0.017904522,>0.01
266,UKM24,Scottish Borders,UK,0.017857778,>0.01
267,DE126,"Mannheim, Stadtkreis",DE,0.017854778,>0.01
268,Dec-06,St. Wendel,DE,0.01784368,>0.01
269,DEE04,Altmarkkreis Salzwedel,DE,0.017806184,>0.01
270,UKE44,Calderdale and Kirklees,UK,0.017687612,>0.01
271,DE933,Harburg,DE,0.017683323,>0.01
272,DE116,Rems-Murr-Kreis,DE,0.017646908,>0.01
273,UKD62,Cheshire East,UK,0.017581316,>0.01
274,DE142,"Tübingen, Landkreis",DE,0.017561039,>0.01
275,DE936,Osterholz,DE,0.01755429,>0.01
276,DE147,Bodenseekreis,DE,0.017537216,>0.01
277,DE40F,Prignitz,DE,0.017526235,>0.01
278,DE271,"Augsburg, Kreisfreie Stadt",DE,0.01751413,>0.01
279,UKD36,Greater Manchester North West,UK,0.017437082,>0.01
280,DEF0F,Stormarn,DE,0.017431961,>0.01
281,DE94A,Friesland (DE),DE,0.017414931,>0.01
282,DE94D,"Oldenburg, Landkreis",DE,0.017408323,>0.01
283,DEG0A,Kyffhäuserkreis,DE,0.017393615,>0.01
284,DE22B,Straubing-Bogen,DE,0.01737327,>0.01
285,DE91A,Peine,DE,0.017259584,>0.01
286,DED51,"Leipzig, Kreisfreie Stadt",DE,0.017244008,>0.01
287,DE40I,Uckermark,DE,0.017143965,>0.01
288,DEA1A,"Wuppertal, Kreisfreie Stadt",DE,0.01713358,>0.01
289,DEA5B,Soest,DE,0.017098859,>0.01
290,DE23A,Tirschenreuth,DE,0.017019402,>0.01
291,DEB25,Trier-Saarburg,DE,0.016983892,>0.01
292,DE928,Schaumburg,DE,0.016937366,>0.01
293,DE600,Hamburg,DE,0.016929212,>0.01
294,DE946,Ammerland,DE,0.016921897,>0.01
295,DE21K,"Rosenheim, Landkreis",DE,0.016862068,>0.01
296,DEG06,Eichsfeld,DE,0.016843322,>0.01
297,DE804,"Schwerin, Kreisfreie Stadt",DE,0.016811048,>0.01
298,DE803,"Rostock, Kreisfreie Stadt",DE,0.016776855,>0.01
299,UKH25,Central Bedfordshire,UK,0.016762782,>0.01
300,DEA24,"Leverkusen, Kreisfreie Stadt",DE,0.016702848,>0.01
301,DE257,Erlangen-Höchstadt,DE,0.016589318,>0.01
302,FR107,Val-de-Marne,FR,0.016576411,>0.01
303,FR532,Charente-Maritime,FR,0.016560179,>0.01
304,DEG09,Unstrut-Hainich-Kreis,DE,0.016545942,>0.01
305,DE93B,Verden,DE,0.01651005,>0.01
306,DEA56,Ennepe-Ruhr-Kreis,DE,0.016507703,>0.01
307,DE725,Vogelsbergkreis,DE,0.016374566,>0.01
308,FR262,Nièvre,FR,0.016365026,>0.01
309,DEA31,"Bottrop, Kreisfreie Stadt",DE,0.016315665,>0.01
310,DE916,Goslar,DE,0.016310222,>0.01
311,DE40D,Ostprignitz-Ruppin,DE,0.016284693,>0.01
312,DEF08,Ostholstein,DE,0.016279045,>0.01
313,DEG01,"Erfurt, Kreisfreie Stadt",DE,0.016232437,>0.01
314,DEA5C,Unna,DE,0.016196856,>0.01
315,DEB3I,Rhein-Pfalz-Kreis,DE,0.016168246,>0.01
316,DED53,Nordsachsen,DE,0.016123332,>0.01
317,DE404,"Potsdam, Kreisfreie Stadt",DE,0.016100494,>0.01
318,DEA12,"Duisburg, Kreisfreie Stadt",DE,0.016084736,>0.01
319,DEG0L,Greiz,DE,0.016067682,>0.01
320,DE71B,Odenwaldkreis,DE,0.016051388,>0.01
321,DE26B,"Schweinfurt, Landkreis",DE,0.016043686,>0.01
322,UKD44,Lancaster and Wyre,UK,0.016014292,>0.01
323,DE912,"Salzgitter, Kreisfreie Stadt",DE,0.015835078,>0.01
324,DEA27,Rhein-Erft-Kreis,DE,0.015833374,>0.01
325,DE118,"Heilbronn, Landkreis",DE,0.015824479,>0.01
326,DEA14,"Krefeld, Kreisfreie Stadt",DE,0.015806683,>0.01
327,DEG0C,Gotha,DE,0.015720483,>0.01
328,DE279,Neu-Ulm,DE,0.015709097,>0.01
329,DE113,Esslingen,DE,0.015692206,>0.01
330,DEA16,"Mülheim an der Ruhr,Kreisfreie Stadt",DE,0.015636977,>0.01
331,UKF12,East Derbyshire,UK,0.015608047,>0.01
332,UKE11,"Kingston upon Hull, City of",UK,0.015565259,>0.01
333,DEA51,"Bochum, Kreisfreie Stadt",DE,0.015516863,>0.01
334,Dec-02,Merzig-Wadern,DE,0.015501986,>0.01
335,DE944,"Osnabrück, Kreisfreie Stadt",DE,0.01550134,>0.01
336,DEA5A,Siegen-Wittgenstein,DE,0.015494538,>0.01
337,DEE0B,Saalekreis,DE,0.015478106,>0.01
338,DED21,"Dresden, Kreisfreie Stadt",DE,0.015430108,>0.01
339,DE251,"Ansbach, Kreisfreie Stadt",DE,0.015420151,>0.01
340,DE22A,Rottal-Inn,DE,0.015373669,>0.01
341,UKJ36,Central Hampshire,UK,0.015348623,>0.01
342,DE719,Main-Kinzig-Kreis,DE,0.015348577,>0.01
343,DEA2C,Rhein-Sieg-Kreis,DE,0.015306788,>0.01
344,DED41,"Chemnitz, Kreisfreie Stadt",DE,0.015287541,>0.01
345,DE122,"Karlsruhe, Stadtkreis",DE,0.015229959,>0.01
346,DEA57,Hochsauerlandkreis,DE,0.015149653,>0.01
347,UKH37,Essex Thames Gateway,UK,0.015122505,>0.01
348,DEB34,"Ludwigshafen am Rhein, Kreisfreie Stadt",DE,0.015116601,>0.01
349,UKI63,"Merton, Kingston upon Thames and Sutton",UK,0.015115774,>0.01
350,DE269,Miltenberg,DE,0.015080442,>0.01
351,DEB1A,Rhein-Lahn-Kreis,DE,0.015011312,>0.01
352,FR251,Calvados,FR,0.014999398,>0.01
353,DEA2A,Oberbergischer Kreis,DE,0.014998261,>0.01
354,UKC11,Hartlepool and Stockton-on-Tees,UK,0.014997921,>0.01
355,DE117,"Heilbronn, Stadtkreis",DE,0.014965925,>0.01
356,DE141,Reutlingen,DE,0.014939106,>0.01
357,FRA10,Guadeloupe,FR,0.014932225,>0.01
358,DE405,Barnim,DE,0.01493205,>0.01
359,FR222,Oise,FR,0.014845024,>0.01
360,DE300,Berlin,DE,0.01483764,>0.01
361,DE119,Hohenlohekreis,DE,0.014833588,>0.01
362,DE408,Havelland,DE,0.014828343,>0.01
363,DEG04,"Suhl, Kreisfreie Stadt",DE,0.014791463,>0.01
364,DE21N,Weilheim-Schongau,DE,0.014763379,>0.01
365,FR722,Cantal,FR,0.014706902,>0.01
366,DEF0D,Segeberg,DE,0.014706727,>0.01
367,DEB39,"Worms, Kreisfreie Stadt",DE,0.014667139,>0.01
368,DE26A,Main-Spessart,DE,0.014652339,>0.01
369,DEA36,Recklinghausen,DE,0.014624739,>0.01
370,DE11A,Schwäbisch Hall,DE,0.014600892,>0.01
371,DEA32,"Gelsenkirchen, Kreisfreie Stadt",DE,0.014584149,>0.01
372,DE80J,Mecklenburgische Seenplatte,DE,0.014533909,>0.01
373,DEB13,Altenkirchen (Westerwald),DE,0.014508725,>0.01
374,DE948,Cloppenburg,DE,0.014373594,>0.01
375,UKI52,Barking & Dagenham and Havering,UK,0.014372569,>0.01
376,DE268,Kitzingen,DE,0.014302015,>0.01
377,FR723,Haute-Loire,FR,0.014289241,>0.01
378,FR302,Pas-de-Calais,FR,0.014277217,>0.01
379,DE734,"Kassel, Landkreis",DE,0.01422583,>0.01
380,DE241,"Bamberg, Kreisfreie Stadt",DE,0.014205697,>0.01
381,DEA15,"Mönchengladbach, Kreisfreie Stadt",DE,0.014153534,>0.01
382,DE721,"Gießen, Landkreis",DE,0.014149835,>0.01
383,DE939,Stade,DE,0.014121704,>0.01
384,FR627,Tarn,FR,0.014118964,>0.01
385,DE713,"Offenbach am Main, Kreisfreie Stadt",DE,0.014113893,>0.01
386,FR711,Ain,FR,0.014101364,>0.01
387,DEA37,Steinfurt,DE,0.014091988,>0.01
388,FR211,Ardennes,FR,0.01406964,>0.01
389,DE938,Heidekreis,DE,0.01397009,>0.01
390,DEA58,Märkischer Kreis,DE,0.013937756,>0.01
391,DE21B,Freising,DE,0.013909994,>0.01
392,DE124,Rastatt,DE,0.013897971,>0.01
393,DEB37,"Pirmasens, Kreisfreie Stadt",DE,0.013893089,>0.01
394,DEA55,"Herne, Kreisfreie Stadt",DE,0.013839974,>0.01
395,FR721,Allier,FR,0.013837378,>0.01
396,DE733,Hersfeld-Rotenburg,DE,0.013809943,>0.01
397,FR716,Rhône,FR,0.013800553,>0.01
398,FR232,Seine-Maritime,FR,0.013746505,>0.01
399,DEB18,Neuwied,DE,0.013741862,>0.01
400,DE121,"Baden-Baden, Stadtkreis",DE,0.013733687,>0.01
401,UKG11,"Herefordshire, County of",UK,0.013712244,>0.01
402,DEA45,Lippe,DE,0.01370738,>0.01
403,DE229,Regen,DE,0.013696115,>0.01
404,FR612,Gironde,FR,0.013692027,>0.01
405,FR223,Somme,FR,0.013668207,>0.01
406,FR212,Aube,FR,0.013654802,>0.01
407,UKK30,Cornwall and Isles of Scilly,UK,0.013652491,>0.01
408,DEE08,Burgenlandkreis,DE,0.013649911,>0.01
409,DE11C,Heidenheim,DE,0.013645493,>0.01
410,DE918,Northeim,DE,0.013637137,>0.01
411,UKE12,East Riding of Yorkshire,UK,0.013631853,>0.01
412,DEB12,Ahrweiler,DE,0.013585807,>0.01
413,FR231,Eure,FR,0.013447127,>0.01
414,DEF0B,Rendsburg-Eckernförde,DE,0.013428203,>0.01
415,DEB3B,Alzey-Worms,DE,0.013390171,>0.01
416,DE40A,Oberhavel,DE,0.013376305,>0.01
417,DED2D,Görlitz,DE,0.013374259,>0.01
418,DEB32,"Kaiserslautern, Kreisfreie Stadt",DE,0.013354741,>0.01
419,UKD41,Blackburn with Darwen,UK,0.01333246,>0.01
420,DEF03,"Lübeck, Kreisfreie Stadt",DE,0.013294417,>0.01
421,FR102,Seine-et-Marne,FR,0.013291414,>0.01
422,FR414,Vosges,FR,0.013289447,>0.01
423,UKK21,Bournemouth and Poole,UK,0.013273,>0.01
424,DEA2D,Städteregion Aachen,DE,0.013242333,>0.01
425,FR715,Loire,FR,0.013208115,>0.01
426,DE715,Bergstraße,DE,0.013204484,>0.01
427,DEE02,"Halle (Saale), Kreisfreie Stadt",DE,0.013200426,>0.01
428,FR221,Aisne,FR,0.013192809,>0.01
429,DE27B,Ostallgäu,DE,0.013172123,>0.01
430,DEA47,Paderborn,DE,0.013148492,>0.01
431,DE137,Tuttlingen,DE,0.013066096,>0.01
432,DEA1D,Rhein-Kreis Neuss,DE,0.013052683,>0.01
433,DE722,Lahn-Dill-Kreis,DE,0.0130391,>0.01
434,DE259,Nürnberger Land,DE,0.013003251,>0.01
435,DE80L,Vorpommern-Rügen,DE,0.012995036,>0.01
436,DEE0A,Mansfeld-Südharz,DE,0.012935726,>0.01
437,DE11B,Main-Tauber-Kreis,DE,0.012896001,>0.01
438,DEF06,Herzogtum Lauenburg,DE,0.01285946,>0.01
439,DE145,Alb-Donau-Kreis,DE,0.012852093,>0.01
440,DE224,Deggendorf,DE,0.012849599,>0.01
441,DEG03,"Jena, Kreisfreie Stadt",DE,0.012818779,>0.01
442,DEF09,Pinneberg,DE,0.012755397,>0.01
443,FR823,Alpes-Maritimes,FR,0.012741121,>0.01
444,Dec-01,Regionalverband Saarbrücken,DE,0.0127256,>0.01
445,FR624,Gers,FR,0.012721512,>0.01
446,DE263,"Würzburg, Kreisfreie Stadt",DE,0.012718041,>0.01
447,DE242,"Bayreuth, Kreisfreie Stadt",DE,0.012693928,>0.01
448,DE942,"Emden, Kreisfreie Stadt",DE,0.012614321,>0.01
449,FR522,Finistère,FR,0.012594622,>0.01
450,FR301,Nord,FR,0.012568778,>0.01
451,DE123,"Karlsruhe, Landkreis",DE,0.012557543,>0.01
452,DE128,Rhein-Neckar-Kreis,DE,0.012529749,>0.01
453,DE40H,Teltow-Fläming,DE,0.012523131,>0.01
454,FR105,Hauts-de-Seine,FR,0.012520443,>0.01
455,FR103,Yvelines,FR,0.012517079,>0.01
456,DE232,"Regensburg, Kreisfreie Stadt",DE,0.012515428,>0.01
457,DE40C,Oder-Spree,DE,0.012496314,>0.01
458,DE922,Diepholz,DE,0.012495733,>0.01
459,DE11D,Ostalbkreis,DE,0.012494118,>0.01
460,DE407,Elbe-Elster,DE,0.012469747,>0.01
461,FR633,Haute-Vienne,FR,0.012468492,>0.01
462,FR824,Bouches-du-Rhône,FR,0.012423919,>0.01
463,DE135,Rottweil,DE,0.012395175,>0.01
464,DEE05,Anhalt-Bitterfeld,DE,0.012393999,>0.01
465,FR104,Essonne,FR,0.012377333,>0.01
466,DEB3E,Germersheim,DE,0.012328818,>0.01
467,DE274,"Memmingen, Kreisfreie Stadt",DE,0.01232657,>0.01
468,DE277,Dillingen a.d. Donau,DE,0.012303108,>0.01
469,FR108,Val-d'Oise,FR,0.012216109,>0.01
470,DE129,"Pforzheim, Stadtkreis",DE,0.012202945,>0.01
471,DE917,Helmstedt,DE,0.012191105,>0.01
472,DEE0C,Salzlandkreis,DE,0.012185677,>0.01
473,DE402,"Cottbus, Kreisfreie Stadt",DE,0.012150249,>0.01
474,DE406,Dahme-Spreewald,DE,0.012149013,>0.01
475,DE125,"Heidelberg, Stadtkreis",DE,0.01213679,>0.01
476,FRA50,Mayotte,FR,0.012127234,>0.01
477,DE239,Schwandorf,DE,0.012122904,>0.01
478,FR613,Landes,FR,0.012111804,>0.01
479,FR101,Paris,FR,0.012090226,>0.01
480,DEB3J,Mainz-Bingen,DE,0.012076085,>0.01
481,FR264,Yonne,FR,0.012039608,>0.01
482,DE21M,Traunstein,DE,0.011950663,>0.01
483,FR241,Cher,FR,0.011914836,>0.01
484,DE717,Groß-Gerau,DE,0.011903946,>0.01
485,DEE01,"Dessau-Roßlau, Kreisfreie Stadt",DE,0.011895771,>0.01
486,DEG0N,"Eisenach, Kreisfreie Stadt",DE,0.01187884,>0.01
487,DEB17,Mayen-Koblenz,DE,0.011855708,>0.01
488,DEB3D,Donnersbergkreis,DE,0.01180882,>0.01
489,DEG05,"Weimar, Kreisfreie Stadt",DE,0.011801845,>0.01
490,DE716,Darmstadt-Dieburg,DE,0.011788485,>0.01
491,DE222,"Passau, Kreisfreie Stadt",DE,0.011662865,>0.01
492,FR826,Vaucluse,FR,0.011589871,>0.01
493,DE501,"Bremen, Kreisfreie Stadt",DE,0.011582025,>0.01
494,DED45,Zwickau,DE,0.01156355,>0.01
495,DEG0G,Weimarer Land,DE,0.011500186,>0.01
496,DEG0D,Sömmerda,DE,0.011487914,>0.01
497,DEA34,Borken,DE,0.011457883,>0.01
498,DE264,"Aschaffenburg, Landkreis",DE,0.011450273,>0.01
499,FR242,Eure-et-Loir,FR,0.011435385,>0.01
500,DEF04,"Neumünster, Kreisfreie Stadt",DE,0.011425652,>0.01
501,DE21G,Mühldorf a. Inn,DE,0.01138336,>0.01
502,FR631,Corrèze,FR,0.011315639,>0.01
503,DE80K,Landkreis Rostock,DE,0.011295699,>0.01
504,FR626,Hautes-Pyrénées,FR,0.011275442,>0.01
505,DED44,Vogtlandkreis,DE,0.011250792,>0.01
506,FRA20,Martinique,FR,0.011248912,>0.01
507,FR213,Marne,FR,0.011211056,>0.01
508,DEB3C,Bad Dürkheim,DE,0.011193505,>0.01
509,FR814,Lozère,FR,0.011191341,>0.01
510,DE949,Emsland,DE,0.011165059,>0.01
511,DE80M,Nordwestmecklenburg,DE,0.011160535,>0.01
512,DEG02,"Gera, Kreisfreie Stadt",DE,0.011150587,>0.01
513,DEB3G,Kusel,DE,0.011137038,>0.01
514,DE947,Aurich,DE,0.011113966,>0.01
515,DE21A,Erding,DE,0.011087923,>0.01
516,DEG0F,Ilm-Kreis,DE,0.01108251,>0.01
517,DE40B,Oberspreewald-Lausitz,DE,0.01107288,>0.01
518,FR822,Hautes-Alpes,FR,0.011062323,>0.01
519,FR245,Loir-et-Cher,FR,0.011052515,>0.01
520,FRA40,La Réunion,FR,0.011045464,>0.01
521,DEG0K,Saale-Orla-Kreis,DE,0.011013345,>0.01
522,FR433,Haute-Saône,FR,0.011003259,>0.01
523,FR411,Meurthe-et-Moselle,FR,0.010967284,>0.01
524,FR724,Puy-de-Dôme,FR,0.010945654,>0.01
525,DEB11,"Koblenz, Kreisfreie Stadt",DE,0.010902698,>0.01
526,DE93A,Uelzen,DE,0.010896939,>0.01
527,FR106,Seine-Saint-Denis,FR,0.010824683,>0.01
528,FR625,Lot,FR,0.010806454,>0.01
529,DE21D,Garmisch-Partenkirchen,DE,0.010802731,>0.01
530,FR531,Charente,FR,0.010787988,>0.01
531,DE245,"Bamberg, Landkreis",DE,0.010749366,>0.01
532,DEB3F,"Kaiserslautern, Landkreis",DE,0.010748132,>0.01
533,DEG0I,Saalfeld-Rudolstadt,DE,0.010740176,>0.01
534,DEB24,Vulkaneifel,DE,0.010737439,>0.01
535,DED2F,Sächsische Schweiz-Osterzgebirge,DE,0.010724589,>0.01
536,DE21F,Miesbach,DE,0.010716411,>0.01
537,DE926,Holzminden,DE,0.010689754,>0.01
538,DEG0J,Saale-Holzland-Kreis,DE,0.01065274,>0.01
539,DE724,Marburg-Biedenkopf,DE,0.010651184,>0.01
540,DE723,Limburg-Weilburg,DE,0.010602326,>0.01
541,FR623,Haute-Garonne,FR,0.010553843,>0.01
542,DE94C,Leer,DE,0.010527736,>0.01
543,DEF0A,Plön,DE,0.010520706,>0.01
544,FR821,Alpes-de-Haute-Provence,FR,0.010514181,>0.01
545,FR253,Orne,FR,0.010507791,>0.01
546,DEA35,Coesfeld,DE,0.010503704,>0.01
547,DEA44,Höxter,DE,0.010491914,>0.01
548,DE737,Werra-Meißner-Kreis,DE,0.010487351,>0.01
549,DE502,"Bremerhaven, Kreisfreie Stadt",DE,0.010469594,>0.01
550,DEF0E,Steinburg,DE,0.01041436,>0.01
551,FR511,Loire-Atlantique,FR,0.0103701,>0.01
552,DEA1E,Viersen,DE,0.010369028,>0.01
553,FR422,Haut-Rhin,FR,0.010362045,>0.01
554,FR243,Indre,FR,0.01035818,>0.01
555,DE94G,Wesermarsch,DE,0.010350253,>0.01
556,DE244,"Hof, Kreisfreie Stadt",DE,0.010348858,>0.01
557,FR263,Saône-et-Loire,FR,0.010319288,>0.01
558,DEE07,Börde,DE,0.01031092,>0.01
559,DEF01,"Flensburg, Kreisfreie Stadt",DE,0.010285734,>0.01
560,DEE0D,Stendal,DE,0.010270456,>0.01
561,DEE0E,Wittenberg,DE,0.010269411,>0.01
562,FR246,Loiret,FR,0.010243276,>0.01
563,FR611,Dordogne,FR,0.01024127,>0.01
564,FR431,Doubs,FR,0.010224585,>0.01
565,FR521,Côtes-d'Armor,FR,0.010193417,>0.01
566,DE247,"Coburg, Landkreis",DE,0.010174538,>0.01
567,FR718,Haute-Savoie,FR,0.010173966,>0.01
568,DE235,Cham,DE,0.01009797,>0.01
569,DEA26,Düren,DE,0.010062555,>0.01
570,DEE06,Jerichower Land,DE,0.010046346,>0.01
571,DE94E,"Osnabrück, Landkreis",DE,0.010045691,>0.01
572,FR825,Var,FR,0.010043848,>0.01
573,DE226,Kelheim,DE,0.009979548,>0
574,DE40G,Spree-Neiße,DE,0.00995827,>0
575,DE732,Fulda,DE,0.009950475,>0
576,DE127,Neckar-Odenwald-Kreis,DE,0.00994275,>0
577,UKD72,Liverpool,UK,0.009940142,>0
578,DEA28,Euskirchen,DE,0.009898793,>0
579,DE143,Zollernalbkreis,DE,0.009898498,>0
580,FR712,Ardèche,FR,0.009878345,>0
581,FR421,Bas-Rhin,FR,0.009867967,>0
582,DE80O,Ludwigslust-Parchim,DE,0.009848707,>0
583,FR432,Jura,FR,0.009847421,>0
584,DED43,Mittelsachsen,DE,0.009841339,>0
585,DEG07,Nordhausen,DE,0.00980233,>0
586,FR523,Ille-et-Vilaine,FR,0.009788849,>0
587,UKH36,Heart of Essex,UK,0.009748024,>0
588,FR533,Deux-Sèvres,FR,0.009690105,>0
589,DE27D,Donau-Ries,DE,0.009667981,>0
590,FR831,Corse-du-Sud,FR,0.009665305,>0
591,DE134,Ortenaukreis,DE,0.009649635,>0
592,FR515,Vendée,FR,0.009634212,>0
593,FR513,Mayenne,FR,0.009585079,>0
594,FR514,Sarthe,FR,0.00953765,>0
595,DE275,Aichach-Friedberg,DE,0.009527494,>0
596,FR621,Ariège,FR,0.009523782,>0
597,DE149,Sigmaringen,DE,0.009521846,>0
598,FR813,Hérault,FR,0.009475445,>0
599,FR832,Haute-Corse,FR,0.009445859,>0
600,ITC33,Genova,IT,0.009433413,>0
601,FR534,Vienne,FR,0.009422902,>0
602,FR713,Drôme,FR,0.009411777,>0
603,FR413,Moselle,FR,0.009380038,>0
604,FR812,Gard,FR,0.009375938,>0
605,FR244,Indre-et-Loire,FR,0.009372784,>0
606,FR252,Manche,FR,0.009172289,>0
607,DEB14,Bad Kreuznach,DE,0.009077778,>0
608,DE13A,Waldshut,DE,0.009073365,>0
609,FR811,Aude,FR,0.009040316,>0
610,DE132,Breisgau-Hochschwarzwald,DE,0.008941556,>0
611,FR512,Maine-et-Loire,FR,0.008927208,>0
612,DEF0C,Schleswig-Flensburg,DE,0.008921059,>0
613,FR524,Morbihan,FR,0.008919308,>0
614,FR714,Isère,FR,0.008899448,>0
615,DE27C,Unterallgäu,DE,0.0088051,>0
616,DEG0M,Altenburger Land,DE,0.008791667,>0
617,DE931,Celle,DE,0.008744044,>0
618,DEG0B,Schmalkalden-Meiningen,DE,0.008731877,>0
619,DEA29,Heinsberg,DE,0.008724144,>0
620,DE80N,Vorpommern-Greifswald,DE,0.00871254,>0
621,DEA1F,Wesel,DE,0.008649591,>0
622,FR628,Tarn-et-Garonne,FR,0.008622789,>0
623,FR614,Lot-et-Garonne,FR,0.008618126,>0
624,DE915,Göttingen,DE,0.00861573,>0
625,ITC16,Cuneo,IT,0.008506546,>0
626,FR261,Côte-d'Or,FR,0.00849671,>0
627,DE138,Konstanz,DE,0.008484381,>0
628,ITG2B,Medio Campidano,IT,0.008448031,>0
629,DEE09,Harz,DE,0.008393674,>0
630,DE214,Altötting,DE,0.008374929,>0
631,DE735,Schwalm-Eder-Kreis,DE,0.008356308,>0
632,DE223,"Straubing, Kreisfreie Stadt",DE,0.00831815,>0
633,DE249,"Hof, Landkreis",DE,0.008309282,>0
634,DEB21,"Trier, Kreisfreie Stadt",DE,0.008195226,>0
635,DED2E,Meißen,DE,0.008148349,>0
636,IE023,Mid-West,IE,0.008131282,>0
637,DEA1B,Kleve,DE,0.008117412,>0
638,DEB3H,Südliche Weinstraße,DE,0.00808706,>0
639,DE932,Cuxhaven,DE,0.007991463,>0
640,DE12C,Freudenstadt,DE,0.007981258,>0
641,DE136,Schwarzwald-Baar-Kreis,DE,0.007976117,>0
642,DE94H,Wittmund,DE,0.007949595,>0
643,DE237,Neustadt a. d. Waldnaab,DE,0.007915815,>0
644,ITG2A,Ogliastra,IT,0.00790654,>0
645,ITG15,Caltanissetta,IT,0.007861616,>0
646,DE736,Waldeck-Frankenberg,DE,0.007811442,>0
647,DE228,"Passau, Landkreis",DE,0.007798957,>0
648,DE215,Berchtesgadener Land,DE,0.007785259,>0
649,DEB16,Cochem-Zell,DE,0.007740015,>0
650,DED2C,Bautzen,DE,0.007722483,>0
651,FR434,Territoire de Belfort,FR,0.00771038,>0
652,FR717,Savoie,FR,0.007707767,>0
653,FR615,Pyrénées-Atlantiques,FR,0.00765958,>0
654,ITF44,Brindisi,IT,0.007649818,>0
655,DE139,Lörrach,DE,0.007642494,>0
656,Dec-03,Neunkirchen,DE,0.007620008,>0
657,DEB38,"Speyer, Kreisfreie Stadt",DE,0.00754602,>0
658,DED42,Erzgebirgskreis,DE,0.007532852,>0
659,DE27A,Lindau (Bodensee),DE,0.007500847,>0
660,ITC20,Valle d'Aosta/Vallée d'Aoste,IT,0.007416961,>0
661,DEB3K,Südwestpfalz,DE,0.007353973,>0
662,DE265,Bad Kissingen,DE,0.00733133,>0
663,DE266,Rhön-Grabfeld,DE,0.007270522,>0
664,ITG12,Palermo,IT,0.007177005,>0
665,DEG0P,Wartburgkreis,DE,0.007097033,>0
666,DE12A,Calw,DE,0.007041377,>0
667,DEF07,Nordfriesland,DE,0.006976257,>0
668,ITF52,Matera,IT,0.006844544,>0
669,ITH41,Pordenone,IT,0.006830489,>0
670,ITG14,Agrigento,IT,0.006812141,>0
671,Dec-05,Saarpfalz-Kreis,DE,0.00678049,>0
672,ITF47,Bari,IT,0.006680679,>0
673,DE256,"Ansbach, Landkreis",DE,0.006620136,>0
674,IE025,South-West (IE),IE,0.006519535,>0
675,ITI31,Pesaro e Urbino,IT,0.006503777,>0
676,ITG25,Sassari,IT,0.006444424,>0
677,ITG18,Ragusa,IT,0.006408822,>0
678,ITF63,Catanzaro,IT,0.006337627,>0
679,ITF62,Crotone,IT,0.006328883,>0
680,ITF64,Vibo Valentia,IT,0.00628688,>0
681,DE238,"Regensburg, Landkreis",DE,0.006284104,>0
682,ITF21,Isernia,IT,0.006237552,>0
683,ITG19,Siracusa,IT,0.005957629,>0
684,DE246,"Bayreuth, Landkreis",DE,0.005957291,>0
685,ITG27,Cagliari,IT,0.005864173,>0
686,ITF46,Foggia,IT,0.005848666,>0
687,ITI22,Terni,IT,0.005835719,>0
688,IE012,Midland,IE,0.005831226,>0
689,ITC12,Vercelli,IT,0.005815367,>0
690,ITF43,Taranto,IT,0.005789014,>0
691,ITG16,Enna,IT,0.005764034,>0
692,IE024,South-East (IE),IE,0.005725767,>0
693,ITF51,Potenza,IT,0.005619589,>0
694,ITI32,Ancona,IT,0.005611427,>0
695,ITF12,Teramo,IT,0.005576216,>0
696,ITF31,Caserta,IT,0.005572501,>0
697,DE919,Osterode am Harz,DE,0.005550913,>0
698,ITF48,Barletta-Andria-Trani,IT,0.005457331,>0
699,ITI21,Perugia,IT,0.005411812,>0
700,IE021,Dublin,IE,0.005338742,>0
701,DE234,Amberg-Sulzbach,DE,0.005256126,>0
702,ITF61,Cosenza,IT,0.0052462,>0
703,DE133,Emmendingen,DE,0.005245735,>0
704,ITG11,Trapani,IT,0.005142853,>0
705,ITF45,Lecce,IT,0.005035931,>0
706,ITG17,Catania,IT,0.004954835,>0
707,ITF11,L'Aquila,IT,0.004836006,>0
708,ITC31,Imperia,IT,0.004835684,>0
709,ITC17,Asti,IT,0.004708436,>0
710,ITF13,Pescara,IT,0.004677513,>0
711,ITG13,Messina,IT,0.004619714,>0
712,ITH42,Udine,IT,0.004618765,>0
713,ITI34,Ascoli Piceno,IT,0.004614552,>0
714,IE013,West,IE,0.004612099,>0
715,ITF32,Benevento,IT,0.004604314,>0
716,ITF22,Campobasso,IT,0.004552041,>0
717,ITF35,Salerno,IT,0.004539943,>0
718,DEG0E,Hildburghausen,DE,0.004538399,>0
719,IE011,Border,IE,0.004500898,>0
720,BE345,Arr. Virton,BE,0.004344675,>0
721,DEB22,Bernkastel-Wittlich,DE,0.004260753,>0
722,ITI33,Macerata,IT,0.004244624,>0
723,ITF33,Napoli,IT,0.004164145,>0
724,AT314,Steyr-Kirchdorf,AT,0.004117183,>0
725,ITF14,Chieti,IT,0.004097969,>0
726,AT225,West- und Südsteiermark,AT,0.003998178,>0
727,ITG29,Olbia-Tempio,IT,0.003942962,>0
728,ITI35,Fermo,IT,0.003872442,>0
729,ITF34,Avellino,IT,0.00378669,>0
730,ITC14,Verbano-Cusio-Ossola,IT,0.00377414,>0
731,ITG26,Nuoro,IT,0.003764568,>0
732,ITH44,Trieste,IT,0.003722143,>0
733,AT121,Mostviertel-Eisenwurzen,AT,0.003664886,>0
734,ITI42,Rieti,IT,0.003629128,>0
735,ITH58,Forlì-Cesena,IT,0.003614115,>0
736,ITC32,Savona,IT,0.003552855,>0
737,ITH43,Gorizia,IT,0.003463688,>0
738,ITC15,Novara,IT,0.003459297,>0
739,ITH59,Rimini,IT,0.003455141,>0
740,ITI41,Viterbo,IT,0.003452077,>0
741,ITI44,Latina,IT,0.003357913,>0
742,IE022,Mid-East,IE,0.003346766,>0
743,ITF65,Reggio di Calabria,IT,0.003335633,>0
744,AT321,Lungau,AT,0.003297339,>0
745,ITC13,Biella,IT,0.003296776,>0
746,AT323,Salzburg und Umgebung,AT,0.003167945,>0
747,ITC34,La Spezia,IT,0.003156703,>0
748,ITG2C,Carbonia-Iglesias,IT,0.003137236,>0
749,ITH35,Venezia,IT,0.00313708,>0
750,AT223,Östliche Obersteiermark,AT,0.00312921,>0
751,ITH57,Ravenna,IT,0.003100818,>0
752,ITH34,Treviso,IT,0.003058229,>0
753,ITC4C,Milano,IT,0.003023951,>0
754,ITI45,Frosinone,IT,0.002941744,>0
755,AT221,Graz,AT,0.002879136,>0
756,ITH20,Trento,IT,0.002818257,>0
757,ITH55,Bologna,IT,0.002788053,>0
758,NL122,Zuidwest-Friesland,NL,0.002755106,>0
759,ITG28,Oristano,IT,0.002659529,>0
760,AT130,Wien,AT,0.002656736,>0
761,ITH37,Rovigo,IT,0.002616846,>0
762,ITC18,Alessandria,IT,0.002594501,>0
763,NL423,Zuid-Limburg,NL,0.002576812,>0
764,ITI15,Prato,IT,0.002570425,>0
765,ITH54,Modena,IT,0.002493685,>0
766,NL421,Noord-Limburg,NL,0.002459019,>0
767,AT113,Südburgenland,AT,0.002455961,>0
768,NL112,Delfzijl en omgeving,NL,0.002414814,>0
769,AT312,Linz-Wels,AT,0.002410173,>0
770,NL341,Zeeuwsch-Vlaanderen,NL,0.002392521,>0
771,ITH52,Parma,IT,0.002353261,>0
772,NL332,Agglomeratie 's-Gravenhage,NL,0.002320053,>0
773,ITH10,Bolzano-Bozen,IT,0.002316614,>0
774,ITI43,Roma,IT,0.002306467,>0
775,NL326,Groot-Amsterdam,NL,0.00230416,>0
776,NL342,Overig Zeeland,NL,0.002293929,>0
777,ITH36,Padova,IT,0.002258458,>0
778,BE253,Arr. Ieper,BE,0.002219966,>0
779,ITC42,Como,IT,0.002177767,>0
780,,,AT,0.002159262,>0
781,ITI1A,Grosseto,IT,0.002135333,>0
782,ITC4D,Monza e della Brianza,IT,0.002108435,>0
783,ITC11,Torino,IT,0.002103706,>0
784,AT123,Sankt Pölten,AT,0.002089394,>0
785,AT342,Rheintal-Bodenseegebiet,AT,0.002082975,>0
786,NL131,Noord-Drenthe,NL,0.002075889,>0
787,ITH31,Verona,IT,0.002058412,>0
788,ITC41,Varese,IT,0.002052823,>0
789,ITH51,Piacenza,IT,0.002039348,>0
790,NL132,Zuidoost-Drenthe,NL,0.002026528,>0
791,ITI11,Massa-Carrara,IT,0.002022135,>0
792,BE310,Arr. Nivelles,BE,0.002015421,>0
793,BE353,Arr. Philippeville,BE,0.002002993,>0
794,ITC48,Pavia,IT,0.001981606,>0
795,ITI19,Siena,IT,0.001975935,>0
796,AT125,Weinviertel,AT,0.001952247,>0
797,PT119,Ave,PT,0.001915039,>0
798,ITH53,Reggio nell'Emilia,IT,0.001914347,>0
799,ITI17,Pisa,IT,0.001859369,>0
800,AT226,Westliche Obersteiermark,AT,0.001826287,>0
801,AT322,Pinzgau-Pongau,AT,0.001800759,>0
802,ITH56,Ferrara,IT,0.001799672,>0
803,NL213,Twente,NL,0.001798005,>0
804,NL322,Alkmaar en omgeving,NL,0.001771173,>0
805,NL422,Midden-Limburg,NL,0.001739569,>0
806,AT335,Tiroler Unterland,AT,0.001725961,>0
807,NL323,IJmond,NL,0.001716095,>0
808,AT311,Innviertel,AT,0.001705256,>0
809,BE322,Arr. Charleroi,BE,0.001702005,>0
810,NL333,Delft en Westland,NL,0.001693059,>0
811,AT313,Mühlviertel,AT,0.001687623,>0
812,ITC44,Sondrio,IT,0.001684891,>0
813,NL339,Groot-Rijnmond,NL,0.001680821,>0
814,NL327,Het Gooi en Vechtstreek,NL,0.00166705,>0
815,NL211,Noord-Overijssel,NL,0.00165134,>0
816,SE221,Blekinge län,SE,0.00164511,>0
817,NL224,Zuidwest-Gelderland,NL,0.00162219,>0
818,NL324,Agglomeratie Haarlem,NL,0.001614671,>0
819,AT341,Bludenz-Bregenzer Wald,AT,0.001613496,>0
820,BE344,Arr. Neufchâteau,BE,0.001611006,>0
821,ITC4A,Cremona,IT,0.001592924,>0
822,ITH33,Belluno,IT,0.001592335,>0
823,ITI14,Firenze,IT,0.001587852,>0
824,AT224,Oststeiermark,AT,0.001586601,>0
825,BE341,Arr. Arlon,BE,0.001573899,>0
826,AT315,Traunviertel,AT,0.001568262,>0
827,ITC46,Bergamo,IT,0.001567846,>0
828,NL414,Zuidoost-Noord-Brabant,NL,0.00153866,>0
829,NL113,Overig Groningen,NL,0.001538055,>0
830,BE343,Arr. Marche-en-Famenne,BE,0.001527343,>0
831,NL321,Kop van Noord-Holland,NL,0.001461877,>0
832,PL424,Miasto Szczecin,PL,0.001456147,>0
833,NL411,West-Noord-Brabant,NL,0.001440053,>0
834,NL111,Oost-Groningen,NL,0.001439586,>0
835,NL225,Achterhoek,NL,0.001429161,>0
836,AT332,Innsbruck,AT,0.001420767,>0
837,BE100,Arr. de Bruxelles-Capitale / Arr. van Brussel-Hoofdstad,BE,0.00139774,>0
838,NL212,Zuidwest-Overijssel,NL,0.001386265,>0
839,AT127,Wiener Umland/Südteil,AT,0.001350962,>0
840,NL33A,Zuidoost-Zuid-Holland,NL,0.001336555,>0
841,ITC43,Lecco,IT,0.001321972,>0
842,NL226,Arnhem/Nijmegen,NL,0.001309841,>0
843,NL310,Utrecht,NL,0.001291001,>0
844,PT16E,Região de Coimbra,PT,0.00129097,>0
845,ITH32,Vicenza,IT,0.001290801,>0
846,ITC49,Lodi,IT,0.001285323,>0
847,PT181,Alentejo Litoral,PT,0.001283195,>0
848,NL412,Midden-Noord-Brabant,NL,0.001281093,>0
849,ITC47,Brescia,IT,0.001273949,>0
850,PL22A,Katowicki,PL,0.001267046,>0
851,BE241,Arr. Halle-Vilvoorde,BE,0.001256242,>0
852,NL338,Oost-Zuid-Holland,NL,0.001253069,>0
853,BE352,Arr. Namur,BE,0.001252691,>0
854,NL133,Zuidwest-Drenthe,NL,0.001252413,>0
855,PL314,Lubelski,PL,0.001241532,>0
856,ITI16,Livorno,IT,0.001224533,>0
857,NL230,Flevoland,NL,0.001208893,>0
858,PT16I,Médio Tejo,PT,0.001205587,>0
859,NL413,Noordoost-Noord-Brabant,NL,0.001200571,>0
860,NL121,Noord-Friesland,NL,0.001180788,>0
861,AT126,Wiener Umland/Nordteil,AT,0.001158239,>0
862,PT187,Alentejo Central,PT,0.001141867,>0
863,NL221,Veluwe,NL,0.001141638,>0
864,PL324,Przemyski,PL,0.001117933,>0
865,PL633,Trójmiejski,PL,0.001117038,>0
866,NL337,Agglomeratie Leiden en Bollenstreek,NL,0.001114759,>0
867,PT11A,Área Metropolitana do Porto,PT,0.001091767,>0
868,BE242,Arr. Leuven,BE,0.001082418,>0
869,NL123,Zuidoost-Friesland,NL,0.001067339,>0
870,AT111,Mittelburgenland,AT,0.001058201,>0
871,PL428,Szczeciński,PL,0.001058011,>0
872,DE225,Freyung-Grafenau,DE,0.001045691,>0
873,PL326,Tarnobrzeski,PL,0.001032607,>0
874,PL514,Miasto Wrocław,PL,0.001031746,>0
875,BE351,Arr. Dinant,BE,0.001030125,>0
876,PL325,Rzeszowski,PL,0.001020906,>0
877,ITI12,Lucca,IT,0.00099437,>0
878,PL431,Gorzowski,PL,0.00097869,>0
879,ITI13,Pistoia,IT,0.00096855,>0
880,PL618,Świecki,PL,0.000962896,>0
881,BE332,Arr. Liège,BE,0.000958618,>0
882,AT124,Waldviertel,AT,0.00095707,>0
883,PL426,Koszaliński,PL,0.000956901,>0
884,BE222,Arr. Maaseik,BE,0.000956348,>0
885,NL325,Zaanstreek,NL,0.000947287,>0
886,PL218,Nowosądecki,PL,0.00092661,>0
887,PL415,Miasto Poznań,PL,0.000914915,>0
888,PT11E,Terras de Trás-os-Montes,PT,0.000914042,>0
889,PT16F,Região de Leiria,PT,0.000908689,>0
890,SE110,Stockholms län,SE,0.00090775,>0
891,AT122,Niederösterreich-Süd,AT,0.000883732,>0
892,PT170,Área Metropolitana de Lisboa,PT,0.000880084,>0
893,PL213,Miasto Kraków,PL,0.000876281,>0
894,PL217,Tarnowski,PL,0.000873776,>0
895,AT211,Klagenfurt-Villach,AT,0.000871364,>0
896,PL127,Miasto Warszawa,PL,0.000870979,>0
897,PL523,Nyski,PL,0.000859407,>0
898,PT11D,Douro,PT,0.000850534,>0
899,PL229,Gliwicki,PL,0.000838741,>0
900,PL12D,Ostrołęcki,PL,0.000832225,>0
901,PL113,Miasto Łódź,PL,0.000822843,>0
902,AT112,Nordburgenland,AT,0.00081546,>0
903,BE323,Arr. Mons,BE,0.000813372,>0
904,PL343,Białostocki,PL,0.000805188,>0
905,PL432,Zielonogórski,PL,0.000801427,>0
906,PL115,Piotrkowski,PL,0.000801368,>0
907,PL344,Łomżyński,PL,0.000791237,>0
908,ITI18,Arezzo,IT,0.000790419,>0
909,PL12E,Siedlecki,PL,0.000789538,>0
910,PL517,Wałbrzyski,PL,0.000783478,>0
911,PL128,Radomski,PL,0.000780519,>0
912,PL312,Chełmsko-zamojski,PL,0.000778323,>0
913,PL12C,Płocki,PL,0.000766437,>0
914,AT222,Liezen,AT,0.000764572,>0
915,PL516,Legnicko-głogowski,PL,0.000762687,>0
916,PL621,Elbląski,PL,0.000761996,>0
917,PL331,Kielecki,PL,0.000761238,>0
918,PL12A,Warszawski zachodni,PL,0.000760388,>0
919,PT11C,Tâmega e Sousa,PT,0.000753732,>0
920,BE212,Arr. Mechelen,BE,0.000748205,>0
921,PL416,Kaliski,PL,0.000747501,>0
922,PL345,Suwalski,PL,0.000733373,>0
923,PT184,Baixo Alentejo,PT,0.00072286,>0
924,PL418,Poznański,PL,0.000721999,>0
925,PL224,Częstochowski,PL,0.000711096,>0
926,PL619,Włocławski,PL,0.000703555,>0
927,PL638,Starogardzki,PL,0.000696006,>0
928,AT331,Außerfern,AT,0.000693612,>0
929,PL616,Grudziądzki,PL,0.00068661,>0
930,PL617,Inowrocławski,PL,0.000685066,>0
931,PL114,Łódzki,PL,0.000684868,>0
932,PL414,Koniński,PL,0.000680087,>0
933,PL636,Słupski,PL,0.000679926,>0
934,PL515,Jeleniogórski,PL,0.000679353,>0
935,ITC4B,Mantova,IT,0.000672473,>0
936,BE335,Arr. Verviers - communes francophones,BE,0.000671061,>0
937,BE327,Arr. Tournai,BE,0.000666881,>0
938,BE211,Arr. Antwerpen,BE,0.00066279,>0
939,PL22B,Sosnowiecki,PL,0.000661594,>0
940,PL613,Bydgosko-toruński,PL,0.000655583,>0
941,BE331,Arr. Huy,BE,0.000653883,>0
942,PL311,Bialski,PL,0.000646472,>0
943,PL637,Chojnicki,PL,0.000639269,>0
944,PL518,Wrocławski,PL,0.000628493,>0
945,PL411,Pilski,PL,0.000604453,>0
946,PT16H,Beira Baixa,PT,0.000597548,>0
947,PL623,Ełcki,PL,0.000589655,>0
948,PL228,Bytomski,PL,0.000582432,>0
949,PL225,Bielski,PL,0.000569633,>0
950,PL622,Olsztyński,PL,0.000543159,>0
951,BE221,Arr. Hasselt,BE,0.000533507,>0
952,PL634,Gdański,PL,0.00052823,>0
953,BE234,Arr. Gent,BE,0.000524263,>0
954,SE212,Kronobergs län,SE,0.000511738,>0
955,AT213,Unterkärnten,AT,0.000511113,>0
956,PL427,Szczecinecko-pyrzycki,PL,0.000509294,>0
957,SE232,Västra Götalands län,SE,0.000504601,>0
958,BE231,Arr. Aalst,BE,0.000491318,>0
959,PL117,Skierniewicki,PL,0.00049085,>0
960,PL323,Krośnieński,PL,0.000480278,>0
961,PT200,Região Autónoma dos Açores,PT,0.000475153,>0
962,PL22C,Tyski,PL,0.00047222,>0
963,BE213,Arr. Turnhout,BE,0.00046118,>0
964,PL524,Opolski,PL,0.000455844,>0
965,PT16G,Viseu Dão Lafões,PT,0.000446048,>0
966,PL332,Sandomiersko-jędrzejowski,PL,0.000445577,>0
967,PL214,Krakowski,PL,0.000443273,>0
968,BE258,Arr. Veurne,BE,0.000441306,>0
969,PT16J,Beiras e Serra da Estrela,PT,0.000440608,>0
970,AT333,Osttirol,AT,0.00043368,>0
971,BE254,Arr. Kortrijk,BE,0.000427001,>0
972,BE326,Arr. Thuin,BE,0.000416047,>0
973,PL227,Rybnicki,PL,0.000415042,>0
974,PL129,Warszawski wschodni,PL,0.000405078,>0
975,SE224,Skåne län,SE,0.000404408,>0
976,SE322,Jämtlands län,SE,0.000400962,>0
977,PT112,Cávado,PT,0.000389801,>0
978,BE236,Arr. Sint-Niklaas,BE,0.000389233,>0
979,BE321,Arr. Ath,BE,0.000379954,>0
980,PT16B,Oeste,PT,0.00037929,>0
981,RO315,Ialomiţa,RO,0.000377264,>0
982,AT334,Tiroler Oberland,AT,0.000376412,>0
983,PL21A,Oświęcimski,PL,0.000369859,>0
984,BE325,Arr. Soignies,BE,0.000322074,>0
985,SE311,Värmlands län,SE,0.000320639,>0
986,PT111,Alto Minho,PT,0.000314105,>0
987,RO116,Sălaj,RO,0.000298839,>0
988,PL315,Puławski,PL,0.000298047,>0
989,BE251,Arr. Brugge,BE,0.000294391,>0
990,BE255,Arr. Oostende,BE,0.000287052,>0
991,PT300,Região Autónoma da Madeira,PT,0.000283019,>0
992,PT150,Algarve,PT,0.000282011,>0
993,PL12B,Ciechanowski,PL,0.000276428,>0
994,PL417,Leszczyński,PL,0.000273188,>0
995,SE331,Västerbottens län,SE,0.000267971,>0
996,PT16D,Região de Aveiro,PT,0.000267094,>0
997,PL116,Sieradzki,PL,0.000265691,>0
998,PL219,Nowotarski,PL,0.000236716,>0
999,BE324,Arr. Mouscron,BE,0.000201139,>0
1000,RO312,Călăraşi,RO,0.000187336,>0
1001,BE232,Arr. Dendermonde,BE,0.000175943,>0
1002,RO212,Botoşani,RO,0.000164935,>0
1003,RO311,Argeş,RO,0.000160011,>0
1004,RO412,Gorj,RO,0.00014652,>0
1005,RO115,Satu Mare,RO,0.000137589,>0
1006,RO126,Sibiu,RO,0.000134,>0
1007,RO124,Harghita,RO,0.00013369,>0
1008,PT185,Lezíria do Tejo,PT,0.000127356,>0
1009,SE123,Östergötlands län,SE,0.000113943,>0
1010,RO213,Iaşi,RO,0.000112581,>0
1011,SE121,Uppsala län,SE,0.000111303,>0
1012,RO322,Ilfov,RO,0.000108542,>0
1013,RO215,Suceava,RO,0.000105634,>0
1014,RO423,Hunedoara,RO,0.000105235,>0
1015,RO317,Teleorman,RO,0.00010347,>0
1016,BE256,Arr. Roeselare,BE,0.000102149,>0
1017,RO216,Vaslui,RO,0.000102124,>0
1018,RO221,Brăila,RO,0.00010049,>0
1019,RO111,Bihor,RO,0.000100323,>0
1020,RO225,Tulcea,RO,9.95E-05,>0
1021,RO125,Mureş,RO,9.86E-05,>0
1022,RO223,Constanţa,RO,9.75E-05,>0
1023,AT212,Oberkärnten,AT,9.71E-05,>0
1024,RO421,Arad,RO,9.62E-05,>0
1025,RO214,Neamţ,RO,9.52E-05,>0
1026,SE312,Dalarnas län,SE,9.27E-05,>0
1027,RO121,Alba,RO,8.56E-05,>0
1028,RO222,Buzău,RO,8.42E-05,>0
1029,RO113,Cluj,RO,8.11E-05,>0
1030,RO316,Prahova,RO,8.09E-05,>0
1031,BE336,Bezirk Verviers - Deutschsprachige Gemeinschaft,BE,7.98E-05,>0
1032,RO123,Covasna,RO,7.96E-05,>0
1033,SE332,Norrbottens län,SE,7.50E-05,>0
1034,RO122,Braşov,RO,7.45E-05,>0
1035,RO422,Caraş-Severin,RO,7.44E-05,>0
1036,RO414,Olt,RO,6.75E-05,>0
1037,RO413,Mehedinţi,RO,6.73E-05,>0
1038,SE213,Kalmar län,SE,6.45E-05,>0
1039,RO224,Galaţi,RO,6.30E-05,>0
1040,RO226,Vrancea,RO,6.07E-05,>0
1041,BE334,Arr. Waremme,BE,6.01E-05,>0
1042,RO211,Bacău,RO,5.96E-05,>0
1043,SE313,Gävleborgs län,SE,5.48E-05,>0
1044,BE233,Arr. Eeklo,BE,4.80E-05,>0
1045,RO114,Maramureş,RO,4.01E-05,>0
1046,RO415,Vâlcea,RO,3.76E-05,>0
1047,RO112,Bistriţa-Năsăud,RO,3.74E-05,>0
1048,RO424,Timiş,RO,3.62E-05,>0
1049,BE223,Arr. Tongeren,BE,3.61E-05,>0
1050,RO313,Dâmboviţa,RO,2.86E-05,>0
1051,BE235,Arr. Oudenaarde,BE,2.66E-05,>0
1052,RO411,Dolj,RO,1.90E-05,>0
1053,BE252,Arr. Diksmuide,BE,0,>0
1054,BE257,Arr. Tielt,BE,0,>0
1055,BE342,Arr. Bastogne,BE,0,>0
1056,BG311,Видин (Vidin),BG,0,>0
1057,BG312,Монтана (Montana),BG,0,>0
1058,BG313,Враца (Vratsa),BG,0,>0
1059,BG314,Плевен (Pleven),BG,0,>0
1060,BG315,Ловеч (Lovech),BG,0,>0
1061,BG321,Велико Търново (Veliko Tarnovo),BG,0,>0
1062,BG322,Габрово (Gabrovo),BG,0,>0
1063,BG323,Русе (Ruse),BG,0,>0
1064,BG324,Разград (Razgrad),BG,0,>0
1065,BG325,Силистра (Silistra),BG,0,>0
1066,BG331,Варна (Varna),BG,0,>0
1067,BG332,Добрич (Dobrich),BG,0,>0
1068,BG333,Шумен (Shumen),BG,0,>0
1069,BG334,Търговище (Targovishte),BG,0,>0
1070,BG341,Бургас (Burgas),BG,0,>0
1071,BG342,Сливен (Sliven),BG,0,>0
1072,BG343,Ямбол (Yambol),BG,0,>0
1073,BG344,Стара Загора (Stara Zagora),BG,0,>0
1074,BG411,София (столица) (Sofia (stolitsa)),BG,0,>0
1075,BG412,София (Sofia),BG,0,>0
1076,BG413,Благоевград (Blagoevgrad),BG,0,>0
1077,BG414,Перник (Pernik),BG,0,>0
1078,BG415,Кюстендил (Kyustendil),BG,0,>0
1079,BG421,Пловдив (Plovdiv),BG,0,>0
1080,BG422,Хасково (Haskovo),BG,0,>0
1081,BG423,Пазарджик (Pazardzhik),BG,0,>0
1082,BG424,Смолян (Smolyan),BG,0,>0
1083,BG425,Кърджали (Kardzhali),BG,0,>0
1084,CY000,Κύπρος (Kypros),CY,0,>0
1085,CZ010,Hlavní město Praha,CZ,0,>0
1086,CZ020,Středočeský kraj,CZ,0,>0
1087,CZ031,Jihočeský kraj,CZ,0,>0
1088,CZ032,Plzeňský kraj,CZ,0,>0
1089,CZ041,Karlovarský kraj,CZ,0,>0
1090,CZ042,Ústecký kraj,CZ,0,>0
1091,CZ051,Liberecký kraj,CZ,0,>0
1092,CZ052,Královéhradecký kraj,CZ,0,>0
1093,CZ053,Pardubický kraj,CZ,0,>0
1094,CZ063,Kraj Vysočina,CZ,0,>0
1095,CZ064,Jihomoravský kraj,CZ,0,>0
1096,CZ071,Olomoucký kraj,CZ,0,>0
1097,CZ072,Zlínský kraj,CZ,0,>0
1098,CZ080,Moravskoslezský kraj,CZ,0,>0
1099,DE233,"Weiden i. d. Opf,Kreisfreie Stadt",DE,0,>0
1100,DE24D,Wunsiedel i. Fichtelgebirge,DE,0,>0
1101,DE273,"Kempten (Allgäu), Kreisfreie Stadt",DE,0,>0
1102,DE401,"Brandenburg an der Havel, Kreisfreie Stadt",DE,0,>0
1103,DE403,"Frankfurt (Oder), Kreisfreie Stadt",DE,0,>0
1104,DE943,"Oldenburg (Oldenburg), Kreisfreie Stadt",DE,0,>0
1105,DK011,Byen København,DK,0,>0
1106,DK012,Københavns omegn,DK,0,>0
1107,DK013,Nordsjælland,DK,0,>0
1108,DK014,Bornholm,DK,0,>0
1109,DK021,Østsjælland,DK,0,>0
1110,DK022,Vest- og Sydsjælland,DK,0,>0
1111,DK031,Fyn,DK,0,>0
1112,DK032,Sydjylland,DK,0,>0
1113,DK041,Vestjylland,DK,0,>0
1114,DK042,Østjylland,DK,0,>0
1115,DK050,Nordjylland,DK,0,>0
1116,EE001,Põhja-Eesti,EE,0,>0
1117,EE004,Lääne-Eesti,EE,0,>0
1118,EE006,Kesk-Eesti,EE,0,>0
1119,EE007,Kirde-Eesti,EE,0,>0
1120,EE008,Lõuna-Eesti,EE,0,>0
1121,EL301,Βόρειος Τομέας Αθηνών (Voreios Tomeas Athinon),EL,0,>0
1122,EL302,Δυτικός Τομέας Αθηνών (Dytikos Tomeas Athinon),EL,0,>0
1123,EL303,Κεντρικός Τομέας Αθηνών (Kentrikos Tomeas Athinon),EL,0,>0
1124,EL304,Νότιος Τομέας Αθηνών (Notios Tomeas Athinon),EL,0,>0
1125,EL305,Ανατολική Αττική (Anatoliki Attiki),EL,0,>0
1126,EL306,Δυτική Αττική (Dytiki Attiki),EL,0,>0
1127,EL307,"Πειραιάς, Νήσοι (Peiraias, Nisoi)",EL,0,>0
1128,EL411,"Λέσβος, Λήμνος (Lesvos, Limnos)",EL,0,>0
1129,EL412,"Ικαρία, Σάμος (Ikaria, Samos)",EL,0,>0
1130,EL413,Χίος (Chios),EL,0,>0
1131,EL421,"Κάλυμνος, Κάρπαθος, Κως, Ρόδος (Kalymnos, Karpathos, Kos, Rodos)",EL,0,>0
1132,EL422,"Άνδρος, Θήρα, Κέα, Μήλος, Μύκονος, Νάξος, Πάρος, Σύρος, Τήνος (Andros, Thira, Kea, Milos, Mykonos, Naxos, Paros,  Syros, Tinos)",EL,0,>0
1133,EL431,Ηράκλειο (Irakleio),EL,0,>0
1134,EL432,Λασίθι (Lasithi),EL,0,>0
1135,EL433,Ρεθύμνη (Rethymni),EL,0,>0
1136,EL434,Χανιά (Chania),EL,0,>0
1137,EL511,Έβρος (Evros),EL,0,>0
1138,EL512,Ξάνθη (Xanthi),EL,0,>0
1139,EL513,Ροδόπη (Rodopi),EL,0,>0
1140,EL514,Δράμα (Drama),EL,0,>0
1141,EL515,"Θάσος, Καβάλα (Thasos, Kavala)",EL,0,>0
1142,EL521,Ημαθία (Imathia),EL,0,>0
1143,EL522,Θεσσαλονίκη (Thessaloniki),EL,0,>0
1144,EL523,Κιλκίς (Kilkis),EL,0,>0
1145,EL524,Πέλλα (Pella),EL,0,>0
1146,EL525,Πιερία (Pieria),EL,0,>0
1147,EL526,Σέρρες (Serres),EL,0,>0
1148,EL527,Χαλκιδική (Chalkidiki),EL,0,>0
1149,EL531,"Γρεβενά, Κοζάνη (Grevena, Kozani)",EL,0,>0
1150,EL532,Καστοριά (Kastoria),EL,0,>0
1151,EL533,Φλώρινα (Florina),EL,0,>0
1152,EL541,"Άρτα, Πρέβεζα (Arta, Preveza)",EL,0,>0
1153,EL542,Θεσπρωτία (Thesprotia),EL,0,>0
1154,EL543,Ιωάννινα (Ioannina),EL,0,>0
1155,EL611,"Καρδίτσα, Τρίκαλα (Karditsa, Trikala)",EL,0,>0
1156,EL612,Λάρισα (Larisa),EL,0,>0
1157,EL613,"Μαγνησία, Σποράδες (Magnisia, Sporades)",EL,0,>0
1158,EL621,Ζάκυνθος (Zakynthos),EL,0,>0
1159,EL622,Κέρκυρα (Kerkyra),EL,0,>0
1160,EL623,"Ιθάκη, Κεφαλληνία (Ithaki, Kefallinia)",EL,0,>0
1161,EL624,Λευκάδα (Lefkada),EL,0,>0
1162,EL631,Αιτωλοακαρνανία (Aitoloakarnania),EL,0,>0
1163,EL632,Αχαΐα (Achaia),EL,0,>0
1164,EL633,Ηλεία (Ileia),EL,0,>0
1165,EL641,Βοιωτία (Voiotia),EL,0,>0
1166,EL642,Εύβοια (Evvoia),EL,0,>0
1167,EL643,Ευρυτανία (Evrytania),EL,0,>0
1168,EL644,Φθιώτιδα (Fthiotida),EL,0,>0
1169,EL645,Φωκίδα (Fokida),EL,0,>0
1170,EL651,"Αργολίδα, Αρκαδία (Argolida, Arkadia)",EL,0,>0
1171,EL652,Κορινθία (Korinthia),EL,0,>0
1172,EL653,"Λακωνία, Μεσσηνία (Lakonia, Messinia)",EL,0,>0
1173,ES111,A Coruña,ES,0,>0
1174,ES112,Lugo,ES,0,>0
1175,ES113,Ourense,ES,0,>0
1176,ES114,Pontevedra,ES,0,>0
1177,ES120,Asturias,ES,0,>0
1178,ES130,Cantabria,ES,0,>0
1179,ES211,Araba/Álava,ES,0,>0
1180,ES212,Gipuzkoa,ES,0,>0
1181,ES213,Bizkaia,ES,0,>0
1182,ES220,Navarra,ES,0,>0
1183,ES230,La Rioja,ES,0,>0
1184,ES241,Huesca,ES,0,>0
1185,ES242,Teruel,ES,0,>0
1186,ES243,Zaragoza,ES,0,>0
1187,ES300,Madrid,ES,0,>0
1188,ES411,Ávila,ES,0,>0
1189,ES412,Burgos,ES,0,>0
1190,ES413,León,ES,0,>0
1191,ES414,Palencia,ES,0,>0
1192,ES415,Salamanca,ES,0,>0
1193,ES416,Segovia,ES,0,>0
1194,ES417,Soria,ES,0,>0
1195,ES418,Valladolid,ES,0,>0
1196,ES419,Zamora,ES,0,>0
1197,ES421,Albacete,ES,0,>0
1198,ES422,Ciudad Real,ES,0,>0
1199,ES423,Cuenca,ES,0,>0
1200,ES424,Guadalajara,ES,0,>0
1201,ES425,Toledo,ES,0,>0
1202,ES431,Badajoz,ES,0,>0
1203,ES432,Cáceres,ES,0,>0
1204,ES511,Barcelona,ES,0,>0
1205,ES512,Girona,ES,0,>0
1206,ES513,Lleida,ES,0,>0
1207,ES514,Tarragona,ES,0,>0
1208,ES521,Alicante / Alacant,ES,0,>0
1209,ES522,Castellón / Castelló,ES,0,>0
1210,ES523,Valencia / Val?ncia,ES,0,>0
1211,ES531,Eivissa y Formentera,ES,0,>0
1212,ES532,Mallorca,ES,0,>0
1213,ES533,Menorca,ES,0,>0
1214,ES611,Almería,ES,0,>0
1215,ES612,Cádiz,ES,0,>0
1216,ES613,Córdoba,ES,0,>0
1217,ES614,Granada,ES,0,>0
1218,ES615,Huelva,ES,0,>0
1219,ES616,Jaén,ES,0,>0
1220,ES617,Málaga,ES,0,>0
1221,ES618,Sevilla,ES,0,>0
1222,ES620,Murcia,ES,0,>0
1223,ES630,Ceuta,ES,0,>0
1224,ES640,Melilla,ES,0,>0
1225,ES703,El Hierro,ES,0,>0
1226,ES704,Fuerteventura,ES,0,>0
1227,ES705,Gran Canaria,ES,0,>0
1228,ES706,La Gomera,ES,0,>0
1229,ES707,La Palma,ES,0,>0
1230,ES708,Lanzarote,ES,0,>0
1231,ES709,Tenerife,ES,0,>0
1232,FI193,Keski-Suomi,FI,0,>0
1233,FI194,Etelä-Pohjanmaa,FI,0,>0
1234,FI195,Pohjanmaa,FI,0,>0
1235,FI196,Satakunta,FI,0,>0
1236,FI197,Pirkanmaa,FI,0,>0
1237,FI1B1,Helsinki-Uusimaa,FI,0,>0
1238,FI1C1,Varsinais-Suomi,FI,0,>0
1239,FI1C2,Kanta-Häme,FI,0,>0
1240,FI1C3,Päijät-Häme,FI,0,>0
1241,FI1C4,Kymenlaakso,FI,0,>0
1242,FI1C5,Etelä-Karjala,FI,0,>0
1243,FI1D1,Etelä-Savo,FI,0,>0
1244,FI1D2,Pohjois-Savo,FI,0,>0
1245,FI1D3,Pohjois-Karjala,FI,0,>0
1246,FI1D4,Kainuu,FI,0,>0
1247,FI1D5,Keski-Pohjanmaa,FI,0,>0
1248,FI1D6,Pohjois-Pohjanmaa,FI,0,>0
1249,FI1D7,Lappi,FI,0,>0
1250,FI200,Åland,FI,0,>0
1251,HR031,Primorsko-goranska županija,HR,0,>0
1252,HR032,Ličko-senjska županija,HR,0,>0
1253,HR033,Zadarska županija,HR,0,>0
1254,HR034,Šibensko-kninska županija,HR,0,>0
1255,HR035,Splitsko-dalmatinska županija,HR,0,>0
1256,HR036,Istarska županija,HR,0,>0
1257,HR037,Dubrovačko-neretvanska županija,HR,0,>0
1258,HR041,Grad Zagreb,HR,0,>0
1259,HR042,Zagrebačka županija,HR,0,>0
1260,HR043,Krapinsko-zagorska županija,HR,0,>0
1261,HR044,Varaždinska županija,HR,0,>0
1262,HR045,Koprivničko-križevačka županija,HR,0,>0
1263,HR046,Međimurska županija,HR,0,>0
1264,HR047,Bjelovarsko-bilogorska županija,HR,0,>0
1265,HR048,Virovitičko-podravska županija,HR,0,>0
1266,HR049,Požeško-slavonska županija,HR,0,>0
1267,HR04A,Brodsko-posavska županija,HR,0,>0
1268,HR04B,Osječko-baranjska županija,HR,0,>0
1269,HR04C,Vukovarsko-srijemska županija,HR,0,>0
1270,HR04D,Karlovačka županija,HR,0,>0
1271,HR04E,Sisačko-moslavačka županija,HR,0,>0
1272,HU101,Budapest,HU,0,>0
1273,HU102,Pest,HU,0,>0
1274,HU211,Fejér,HU,0,>0
1275,HU212,Komárom-Esztergom,HU,0,>0
1276,HU213,Veszprém,HU,0,>0
1277,HU221,Győr-Moson-Sopron,HU,0,>0
1278,HU222,Vas,HU,0,>0
1279,HU223,Zala,HU,0,>0
1280,HU231,Baranya,HU,0,>0
1281,HU232,Somogy,HU,0,>0
1282,HU233,Tolna,HU,0,>0
1283,HU311,Borsod-Abaúj-Zemplén,HU,0,>0
1284,HU312,Heves,HU,0,>0
1285,HU313,Nógrád,HU,0,>0
1286,HU321,Hajdú-Bihar,HU,0,>0
1287,HU322,Jász-Nagykun-Szolnok,HU,0,>0
1288,HU323,Szabolcs-Szatmár-Bereg,HU,0,>0
1289,HU331,Bács-Kiskun,HU,0,>0
1290,HU332,Békés,HU,0,>0
1291,HU333,Csongrád,HU,0,>0
1292,HU999,Budapest ker,HU,0,>0
1293,LT001,Alytaus apskritis,LT,0,>0
1294,LT002,Kauno apskritis,LT,0,>0
1295,LT003,Klaipėdos apskritis,LT,0,>0
1296,LT004,Marijampolės apskritis,LT,0,>0
1297,LT005,Panevėžio apskritis,LT,0,>0
1298,LT006,Šiaulių apskritis,LT,0,>0
1299,LT007,Tauragės apskritis,LT,0,>0
1300,LT008,Telšių apskritis,LT,0,>0
1301,LT009,Utenos apskritis,LT,0,>0
1302,LT00A,Vilniaus apskritis,LT,0,>0
1303,LU000,Luxembourg,LU,0,>0
1304,LV003,Kurzeme,LV,0,>0
1305,LV005,Latgale,LV,0,>0
1306,LV006,Rīga,LV,0,>0
1307,LV007,Pierīga,LV,0,>0
1308,LV008,Vidzeme,LV,0,>0
1309,LV009,Zemgale,LV,0,>0
1310,MT001,Malta,MT,0,>0
1311,MT002,Gozo and Comino / Għawdex u Kemmuna,MT,0,>0
1312,PT11B,Alto Tâmega,PT,0,>0
1313,PT186,Alto Alentejo,PT,0,>0
1314,RO314,Giurgiu,RO,0,>0
1315,SE122,Södermanlands län,SE,0,>0
1316,SE124,Örebro län,SE,0,>0
1317,SE125,Västmanlands län,SE,0,>0
1318,SE211,Jönköpings län,SE,0,>0
1319,SE214,Gotlands län,SE,0,>0
1320,SE231,Hallands län,SE,0,>0
1321,SE321,Västernorrlands län,SE,0,>0
1322,SI031,Pomurska,SI,0,>0
1323,SI032,Podravska,SI,0,>0
1324,SI033,Koroška,SI,0,>0
1325,SI034,Savinjska,SI,0,>0
1326,SI035,Zasavska,SI,0,>0
1327,SI036,Posavska,SI,0,>0
1328,SI037,Jugovzhodna Slovenija,SI,0,>0
1329,SI038,Primorsko-notranjska,SI,0,>0
1330,SI041,Osrednjeslovenska,SI,0,>0
1331,SI042,Gorenjska,SI,0,>0
1332,SI043,Goriška,SI,0,>0
1333,SI044,Obalno-kraška,SI,0,>0
1334,SK010,Bratislavský kraj,SK,0,>0
1335,SK021,Trnavský kraj,SK,0,>0
1336,SK022,Trenčiansky kraj,SK,0,>0
1337,SK023,Nitriansky kraj,SK,0,>0
1338,SK031,Žilinský kraj,SK,0,>0
1339,SK032,Banskobystrický kraj,SK,0,>0
1340,SK041,Prešovský kraj,SK,0,>0
1341,SK042,Košický kraj,SK,0,>0
1342,UKL11,Isle of Anglesey,UK,0,>0
